process_id,temperature,pressure,flow_rate
26bac532-89b5-493d-94cb-3d5dda8f425c,52.483570765056164,127.98710873172004,26.62410862512809
08e6adcb-f775-4d17-b129-e24ba29ee93d,49.308678494144075,118.49267365825537,29.27740664642241
74d101ae-d735-4a90-b512-c836c7fa7ec5,53.23844269050346,101.19260739840348,26.037900395000193
25ac6436-4f7c-4002-80ed-c31906434f38,57.61514928204013,87.06126444588853,28.4601923518048
2fdcad4c-cf71-4606-a457-cab5e04fe203,48.82923312638332,113.96446627227179,20.531926665231072
d1baaa1a-b224-4968-8d39-9023cd2348b6,48.8293152152541,107.86970770843499,31.066468536864694
556cfb6c-5f96-461b-a08f-615a42f3c087,57.896064077536955,117.90386440055465,30.006027376811122
5f3deb4c-0fca-4821-a30d-d6fb482bdb76,53.837173645764544,112.70343603363939,25.914556844659046
de9de8b0-42c0-4834-83c2-8e4d6836a769,47.65262807032524,120.9910543063867,33.296228342162024
a53d338a-a617-4c10-b862-b301e4289490,52.712800217929825,89.29529576878863,34.68785068813279
139a99c6-4b33-46af-9ca0-dce6f492f563,47.68291153593769,126.34788131268651,21.962200678155128
38962663-21b9-4ac8-88ef-b5a00f1b75df,47.671351232148716,103.95199209384799,26.18637610716893
4e7fc51a-3677-4a89-b938-c6d9a7af2be3,51.20981135783017,141.5052174525053,26.15428825106351
ba8cbcf0-c3d6-42b2-895d-59429d4417ae,40.43359877671101,86.21624363820864,25.300484494455677
0e490122-db00-4859-9ccc-9702d0ef449b,41.375410837434835,134.719276063305,34.14737420965874
58045289-389f-4ce4-aca4-12b5cc908f43,47.188562353795135,103.95821566925295,29.030869306135983
dc10bce8-fd60-483d-904b-f6fda61ab9f7,44.93584439832788,86.97163992771104,28.677425793446947
7f9bd47f-0624-4a3a-a9f5-716e35f7c0bc,51.57123666297637,90.32228331891356,19.980688177966233
81bf0608-fad1-49a6-ab25-22515ca2dcf3,45.45987962239394,93.5930538361136,33.17709015104613
1eabef9f-1abe-44f5-b6f8-14befedc125e,42.93848149332354,108.48331892803833,23.80370802573264
360cae8e-3e0a-410f-82de-f274995ef2be,57.32824384460777,110.45670976071,30.299663151331643
6f755b8c-2787-45bd-96ee-cb2a64945f61,48.87111849756732,88.52599992122842,31.386884689790957
b43f9bc8-c4c2-4c98-9e00-9224d2dcfe0e,50.337641023439616,99.51290815478035,36.80329297919326
13a7497c-8f93-4ff2-b374-f75f68ae3a43,42.87625906893272,142.8454071722373,23.45589800440444
af92fab9-cb28-48fa-8fbb-45687bfedd48,47.27808637737409,134.55086340201422,14.902439220895873
5c3cbc3b-30a2-40e2-8f05-e27b531ed580,50.554612948549334,108.72647339348065,30.919247723768475
db32c18c-74a0-47b6-87e7-398f25e6d7d7,44.24503211288849,100.760069563364,39.00255590755427
56b850b7-25f4-470e-a204-25b7be5654d7,51.87849009172836,102.40062653436523,36.19473176469719
812acd3e-9c88-444c-ba7c-6cbb00a6028a,46.99680655040598,112.27035945460833,31.048297076373128
e24ab261-e820-41fc-b162-61a2f5b9ce69,48.54153125103362,79.5441486960319,27.541819071839765
15457074-2763-445d-897a-da143c5996df,46.991466938853016,94.8524692515331,34.03561298318655
82ba7b93-208e-43ee-8de1-69a3d09d751f,59.26139092254469,66.62831852244821,25.132269001477656
192e246a-4edb-447a-8b95-85fc6d8bce9f,49.93251387631033,107.98446245210559,32.3817888467811
b589dc1d-7da9-4868-902a-96a27014da7d,44.7114453552205,112.94391879405482,32.52735079583314
3915760a-1c66-4378-835e-95538dfcfe24,54.11272456051594,90.33627075401252,35.3010495374944
e0558a81-2b0d-4a63-ad2b-08d035089c5a,43.89578175014489,131.47973526580066,43.79830019455539
f8cbc3d3-570d-4d18-93aa-004f0ae9b0a6,51.04431797502378,75.48468673995318,31.962079835893835
7900f775-709e-4d18-9e75-ff59bf42ddab,40.201649380601125,70.7125023958036,27.455181871462507
7d541106-f5ff-48f8-a52c-765a20ba7a33,43.359069755507846,104.48903637119945,29.87212843904003
9b0dbf51-6244-4219-bd78-c0e6d60b265a,50.984306179345616,120.94196605224309,21.15462047555441
cec7947f-6f93-49d5-8b13-49472eff8733,53.69233289997705,133.67855382915738,26.52643434455471
f8e6d6a8-4d71-45ae-ac98-b0b8f6bab514,50.85684140594985,90.8223147426212,27.95358780943448
cb15edf5-198f-4a66-a38f-b45d130830e1,49.4217585880588,121.57361666862592,27.379558010327038
1b55545e-17b9-41cc-89ef-b88cfcd1ac74,48.494481522053555,99.22983060998585,30.76177436016861
a2dd695a-3ee6-4df5-b5f2-07687f494070,42.60739004816286,96.54745400118361,25.887900338088997
b703cf98-0be1-453e-941d-454fcd2e5a69,46.40077895802646,117.67319874973344,35.60515333662236
8eabaefb-ef08-4291-90a9-ac4da354f0f3,47.696806145201066,113.0464575682684,30.001035324590987
5798c5ec-92e8-44d3-9c4f-b12562c22e38,55.285611131094576,68.47215686031501,29.953498394306926
91cfb374-42c5-43da-80c1-9deb5c76532f,51.718091447842305,129.53080699451792,28.36052641743541
37c34a39-972e-4a51-8f4e-530ce0bf8e11,41.18479922318633,127.60182708294903,30.775953419294897
9af3f47b-cbd3-4193-a994-7090417b564a,51.620419846973974,87.48874596980941,34.125491323338174
39659bee-769c-4f44-a2ec-a505a8c75e7c,48.07458859791842,107.91607066874818,25.664348921445498
835e4bd0-0574-4063-ab14-8c75511c9a66,46.61538999847021,109.88060372565478,26.709417554623716
abc86390-d06f-4264-9f5f-804144d72806,53.058381444204336,105.21347531647814,28.481369856116675
c1fe14f2-e69d-4fdc-a57e-c01202b4635d,55.154997612479754,88.9938969230916,23.270645382633926
9dda4916-b4d3-4f92-85f5-fe6cf859df18,54.65640059558099,86.56753264123897,25.903710701392512
52e1428b-7069-4310-a321-0a525ac04f1d,45.80391238388681,99.48891858017109,27.618895632276704
10aa2c6e-196c-435b-a724-23ecaf21cddc,48.45393812074393,123.45458038518728,34.371945903563635
69fc84ca-28e8-4806-a0b2-3289a358017c,51.65631715701782,110.87200309188864,31.312806645009626
b1adcc55-e4f5-4fe4-a867-8996491d9bf5,54.877725635611796,92.58771335827788,30.967949556837723
87db27c6-c572-4ca2-9dd3-05fa40f6689e,47.60412881077355,115.43397421296689,34.25448981083986
fc0c7e50-dc68-4d0f-9a95-9b9ad6632f27,49.07170511668092,43.02914758739849,29.313141058003016
0ae7a07c-51c5-45b5-9ab7-ed69ad7528d4,44.468325129969855,122.97531400744207,31.952324249644448
d344ddd5-157b-45b4-bdcd-e9931e1a97dd,44.01896687959665,65.20572442443802,29.48389123533752
6f70d57d-1aca-4761-a943-cf358ae23137,54.06262911197099,92.75118117193736,31.326811746998143
78eedc8c-3f44-4b0f-ab3a-ca3c43758049,56.78120014285412,77.60660210747713,27.08620671194209
4fc00cf4-139d-4edd-b238-c008c762ed40,49.63994939209833,74.10637048558189,17.805914208617857
c3815866-cdb6-4863-bc81-4f8eef2babb8,55.01766448946012,123.21653574757039,29.32860418906848
96daea29-1d4c-4d78-81a9-2e82b53e536d,51.808180125238174,90.64597597376218,37.1137406804997
b1d7e4f9-85ac-4393-8d4f-5fee552b2ca5,46.774401226974376,106.93007763461432,34.631077011207964
3175bf82-97f5-42f1-b997-ec84ac8a7a7e,51.80697802754207,99.06158842241632,34.82698742295585
ce089964-42fb-4ded-9806-6ca1ef897934,57.690182832329846,109.54081654446243,36.18065360903109
04feefb6-3286-4383-8b49-6bec2407a140,49.82086980445024,101.53643782120511,30.443287954807186
70e486b5-f034-411c-8771-92830d2c56e5,57.82321827907003,74.3401555162286,30.986578537027977
c3457470-a530-414e-a386-dde1e2a0bb51,36.901274479551276,119.9253363889428,26.91174052282825
63a0d6e7-ee17-49f9-832d-1d4808520287,54.10951252187612,90.12486833677374,28.41963571986475
b4516c99-f7dd-4a4e-b50b-c68ae97a2138,50.435235341190854,68.86836202680499,33.07885574885571
b1689bcd-ba53-4143-ba81-f6b6352c11aa,48.50496324767066,91.43769678068175,36.01942218584408
80dc7bcf-5e04-420c-a120-1f3e18310690,50.458803882677515,130.01519581268622,29.302768621595003
7b1e9909-6c5b-4f14-a562-ad763d67dbc4,40.06215542699554,117.00443484226986,27.749053675742942
5074e0f9-99bb-446a-84e7-8c00481f37d4,48.90164056081244,93.02695731184282,30.002639794282988
09ef45a5-ad04-441b-ae92-b7203b04f84f,51.78556285755873,93.01484591363142,33.00603374464558
de0248e3-c0dd-4216-9135-d65acd8c1494,57.38947022370758,93.56729897565235,22.78072591933229
78d20555-f52a-452b-91a3-2ea86c1fae7a,47.40864890863176,141.53495967121682,18.51909523431381
92460d81-38eb-44ff-a065-e4a059e3e19e,45.95753198553406,107.63870904463107,27.247315752542082
ab94a903-ef2c-4de3-b4d2-9c1488b9a880,47.491214782077314,108.60083294382139,23.896437870429207
50daf993-7b48-4374-b004-6053154b69aa,54.57701058851037,120.60566908063684,27.459299011763445
52a1e88a-36c8-4e4e-9e58-a18fe8709a10,51.64375554829842,104.77578318053027,29.26109840591264
034b7bd4-3c71-4c68-b801-12b5a0837d19,47.351198981164806,94.81915708358594,27.733757954884933
cc834079-2a91-4b8a-b88d-78f31e13a063,52.56633716556678,96.07300301830044,37.26233767235372
b6c68a9e-cb88-4f4e-965a-20ee8c140564,50.4853877467402,98.56797481171873,31.6337238230116
ee0962d4-0d54-4a3a-b033-b86cef5a0f9d,54.84322495266444,99.25555526980317,31.502371798054142
9d6435eb-32a1-489f-9caf-6e9305e6e1fb,46.48973453061324,114.5525908727396,33.11103572021701
7a4201b0-ae36-4544-bcc3-2756063b7b89,48.36168926701116,101.03891771614599,24.305834411096154
65d13928-44d0-49ef-8c6e-c6bb878a5aba,48.03945923433921,114.65280154431159,35.195558937101346
6c3a59cd-7eaf-44b9-aa53-768d2519bed1,42.68242525933941,98.38566839782835,29.6211785673227
0101c6be-adea-4ae0-ab99-7ebbacc18ba2,51.48060138532288,101.57270380632181,33.35240308620606
0a46e736-edb8-4ee7-8d54-ef85cd4e00b1,51.30527636089945,60.035986309357845,24.64071383479922
e5813668-d9a7-449a-8ce7-aead237954fd,50.025567283212304,118.32655349404963,22.23120616991968
061834e8-e848-4e99-b818-7964cc85ccee,48.82706433312426,106.92976951795985,34.08944829012514
42a90697-db12-4009-82cd-252f9e825de2,42.923146289747926,119.96020219719304,31.882047630487584
2d700894-d1c5-4130-8127-73c00861df0f,47.89677338617321,42.07489243612621,25.48974222821245
3e6c6235-ca1e-4a8a-8d22-71ec8d7f62c7,48.286427417366156,141.76749409561455,25.651684593626527
91be70f7-7322-47ad-9404-f46f6e6da628,45.9886136538919,97.20820743689653,35.62717392207385
e097e82c-e827-40e0-b40c-9f34b6625e2c,49.19357144166995,122.16365633475033,24.05294053566336
fd3e1a86-ac33-4711-9262-8add3632644d,52.02025428407269,79.20188145748938,38.21336476627982
dbe31887-7585-4719-b3ca-eb97a674f0bf,59.43092950605265,112.2554781012514,25.496896326760655
b5249982-992a-4b5b-91cb-a3da54727f71,50.872889064159196,78.93168873652688,33.191959628041914
fce789a8-c25b-44f7-9bf4-27e2dc2b6ea5,51.28775195361382,87.5246207860839,28.356907621255075
3e4e09ac-ab5a-4994-8f7a-1219ee7c460f,49.62777042116917,138.28062707733574,33.01593715541171
a1b74c4b-0058-432f-ae87-49ce6de45f76,40.40614392350479,96.18635198473307,27.279429989429037
311a831a-4f63-456c-9a0f-ce44389eddd3,49.867430622753915,104.34865746359446,29.18603546963853
302338ce-d161-49e1-94a7-e7b0cc5e44d2,50.30115104970513,117.40135461377508,30.204595876978605
799babed-5e95-4984-a6bb-aff3d3055982,62.316210562426434,109.91363775945209,24.989062721092637
7008240f-392b-42d2-b7a0-f647e58d316e,49.03819517609439,103.00837810287153,33.70412172710063
b2cfe732-3eed-4778-b7ff-69663b3adfe0,51.50773671166806,107.2992200493245,27.433932167642073
e367ddd6-b327-4c30-9bc8-98a4e9f8050a,49.82644115147378,148.0683117047655,28.857000423299908
03e6d45e-3f25-4691-8687-c27efbabbfd9,44.15660981190234,98.8476240593283,25.028253126957438
659d259c-f42c-46df-b116-3bac7e4548a7,55.7141140725751,104.02198093429935,17.188331706023448
489162f1-d2b5-470c-b82e-c7c735bba372,53.75966516343387,121.01308792015224,29.044861186999157
5c100864-49cf-48d9-b5af-b565e3e5bfbf,53.95515973521523,122.11051865915968,42.063077108064576
8c956ec8-53a7-4778-8641-04facf96d9a0,45.4530627260263,123.7406061112076,33.92302143949012
d29afc09-4e58-4e3f-81ee-88a805a59085,57.013971554680495,112.77460444058369,29.903698101328025
14089086-0211-4495-92db-0b2975b73ca6,42.990744686038596,77.13990174539033,28.68554585395866
de506677-eb03-4260-ad59-5379f9eeeec7,52.93428546900135,132.6686306460219,30.11232946406023
61aa324d-aa72-4d97-b52f-0f47de7bd7de,60.952278129049894,77.07309213962624,32.73559557587605
0cd99ba9-1c68-4634-b986-e4467402ed5a,45.04731837434656,106.05270930478066,24.095935923455777
56c48679-1a49-485b-b56e-175466ff4399,47.16851135198614,84.91448299961284,35.57160847334436
240b6f5e-de98-437f-b127-cde77a050b68,50.498256825438204,98.71723306814015,33.57690657720622
e6de8c33-3c28-4ee8-a72d-6de4663e1620,47.482621729419,106.5752482060696,33.59092862853967
dd2b6163-695e-4d33-8b5d-0c3be4cc1bae,42.24668284466934,106.42714430900546,32.192378694048635
b1398fd2-e44e-4841-a910-aa7fced08b61,50.34281487403014,108.4384150847057,30.09808328846995
d06f1945-f71b-43aa-9f32-5b49811917ee,44.688481431369475,132.27422538117293,33.3643061798341
18a08859-cc8f-4273-9dad-9e8d5eb237bd,52.36796215317591,109.0706860302796,32.95907066870689
881ea8c1-39f1-448a-9d68-36f54d5232a5,45.402878828830985,95.11686729418703,28.22979644529488
21335697-e492-4122-80d0-2b7b60d0f0ee,57.7496720250877,119.28174336576714,27.131991135515495
41c949de-a3bf-4437-9ebf-3e446240348d,46.08373353831882,123.78940977849281,30.509281476309933
d3a092e7-c15d-4e7b-8aae-3cfda98970c0,48.38969241897162,75.44784369726015,37.74510075747594
3e2b4337-f76f-4ee2-ace5-fe79e29f0e85,54.06758608684835,111.94800139699716,23.804464621730496
2e1e8d98-f9b8-4d17-a227-93921987382c,43.84567841783022,114.02345484621796,22.662373671237802
c4805711-34ae-48df-b466-cfa5a97aa1a8,51.13729967302065,94.04872993280016,30.823804206182583
824733a4-c93a-40a0-ae06-9b42ccaeef8e,56.53571377141214,127.51413626623238,30.25443850928009
357655d5-bd3e-4f10-ba66-38065c99acef,41.96258382719386,96.99888825934947,30.86670832185204
b986b5d0-6f1e-4d67-829c-6ff42212c6f7,50.92316929266152,102.51152906943085,31.219765989542502
9eb25d16-9e26-4af8-9a4f-3a63b1de2ca8,51.29941397124212,96.5385635143226,28.883988726825976
3b58687f-0071-4b9a-887a-32b9d4e91884,53.909114358886555,100.31158095162935,37.44931719301041
5607984b-a3af-485c-9152-61286933f6bb,43.81524644560959,78.07449826209597,21.99548010761742
dc331052-4041-488b-91ba-d53cf2002300,43.39771693457862,71.19898234811411,25.85751487609877
0a65939a-5d13-4ea8-8b3f-12a600242fa3,52.60970782808449,131.89010126449944,29.483726199254765
f6e7efb9-1061-44cf-8c5c-e60eddde5e64,51.48492336616593,83.06077303363344,21.784055944229163
de2a385b-05e4-419d-b0db-958459fff22f,51.252464251729386,80.17215301087386,29.120727977839643
3a462220-bfeb-418b-9ec2-5c157571c8b1,51.73224104748488,56.932197727925704,38.30735082864009
bb927152-fe96-4499-8baf-cbfb52b50968,46.59987639210755,87.22076504620995,30.10443244147981
378ab0c1-68fe-4210-bc90-d820ecd90e4e,51.16126848580502,73.53820413185004,31.153504528593416
aa4e66f8-83c8-458e-a57e-623df4359072,51.46536236649341,132.8403032027274,23.6991761741371
e137603d-e888-4125-992b-cf533bd9d282,46.42824290986816,120.19634178685268,26.918192959802614
519ebf21-15c2-4350-a03b-0864f03933d2,59.328872555723784,86.23699309644553,28.124018098380315
73cd5ff0-d89b-4e2b-aad8-049e277bc302,52.36916460455894,145.04871610688616,28.41142451621883
e66b221f-69f9-4632-9960-b1f7095a57e6,44.04348251398676,119.63530973983188,36.40821897501884
9cfc7384-59bd-482f-bd1a-1eac52bb3a52,53.28276804316915,93.50337232982756,32.788455303625625
f61c8e4c-3283-42ec-b9e6-5b711ba75657,45.126591648863396,50.01188570252854,24.44271021531484
14a7a835-fb7a-49a4-881d-ba5e6336ff45,53.93542301871226,145.81885145181485,31.232523892160025
4241a545-6770-4387-819a-b44ddbab6853,55.79297789503702,72.20855066472808,32.491108742483924
3a55b603-06b8-4419-9786-0eb027edf0cb,45.89658840824145,67.09202506086217,35.700745192606334
52697f78-2c05-4581-9bde-7bed36ade81d,54.816880646221605,120.45140864019281,37.90270343284187
8dd60b06-ccc5-4ccb-acf5-00d681eceee1,52.063904634682494,148.79504812678545,24.924529040860655
4f721dd6-2abe-4f49-a094-8cdfaf613678,54.11030079997245,127.68545637021036,25.94571244394831
6dc14980-43a0-4424-aa72-c43f94a33503,59.48396491326974,111.27818240104719,23.71211070542692
be0e88b0-b923-4e5f-9d42-4227b15b6053,48.77305941998565,111.89508683330573,28.829900704465093
20d2f527-1c8e-4b45-b343-c98aa691febe,46.23131917821255,117.06831117560615,32.331791872231676
c6be5e51-fc83-47f3-8194-b00179e1dc7d,45.55242785187238,115.17857179573531,34.93667258294551
da14469a-66b5-46ad-b6ac-a092d4cdb752,45.92094857517281,105.62382847938751,29.620244881787386
cb91bb30-26dc-4ec0-b24c-fea2da9467c2,49.61449145292948,102.08402207903752,28.40076238372578
81bb4539-06a3-4062-b8e4-3a9019eba42c,51.70575987408322,98.74813744200955,30.758789961243703
60090180-7c7f-4402-8696-eabd042b5299,51.3834539966501,84.92070822266648,25.824285491849885
99132f25-b16f-49fa-b9bf-4016df604cb1,54.13591624518012,94.38649846266452,40.44769360847387
c8be874b-c331-4596-a58c-a98d120651a5,50.065009459389536,66.1408637160923,21.961694864409708
71ee9f22-a0ae-4323-a514-bd88ae4ef095,57.26767038578659,98.033207464105,30.923702894478623
f57aa486-434b-479c-a7e3-d9f487cfe202,48.67671583381022,80.22817785698166,40.1180310961482
010ad8db-0361-4eb4-a4d1-d25f948155fb,63.600845832948096,77.92821365568457,30.033999222799988
911f30d1-00fb-4d1d-8c24-1349ad78734b,53.128336738825034,103.59788302306957,29.049804824992528
a7dc5a29-e4fe-450f-b990-382170081d39,45.714212217918586,127.84004572689199,28.212772885947864
4dfb8e05-fe8b-4e25-885d-6dd34213bb33,44.645537509694435,118.36633212004625,29.09804159118796
f14c6fe4-e816-411f-aa7b-fd00185c6a62,52.41236207621593,68.58998792753646,36.86424237338265
422f4868-5b71-4be7-af54-b52b9bdec1a3,48.88268607337075,80.20743726859325,18.940690443352466
5010870f-5ae8-495f-858f-e54089e764e3,53.57000247046046,118.81542375976431,37.66716850648163
fe9ef1a6-857d-4709-9c0a-39622f6a2350,52.366188122867726,80.35025212923381,22.880214237749275
15800a0b-2cf9-4dc9-aa15-e40ed7dbaab7,49.63585543671564,95.50733700005951,28.666738353827927
652751dd-caa9-4d2f-bc8a-1c96d671ff22,45.76603140965798,111.00104198049104,27.853777898506692
0dbdec5a-8559-4c3e-bfb7-9280d828e692,42.42576387657068,80.6331109027273,32.942766348853596
34f22041-9761-464e-9504-4e615b9bbcc2,47.767425239664895,102.1075101229192,22.009378240581263
c416d098-7129-4ac6-81f8-2f912e96020e,54.28199397161736,73.3194901016359,32.31086333040972
3e056661-6ec4-43da-a4c5-24d3dda43734,51.07046872065102,87.97264712097572,40.12154811643426
58c68594-c066-406f-978a-d12c93191d06,43.77130610644006,106.39563868285074,23.184129977035948
4cb90da9-cdc3-43df-a8d4-ca53043e5c91,50.86590462925591,68.14012532936661,30.94853083805198
f3fc30bd-81fb-448a-bdc0-1c44d8c835e7,51.92658689864418,108.80949475920798,26.690089111016956
c0f9d315-6dac-4f13-aa42-19f870c38763,45.580712818994336,99.60724402146637,32.12943603096518
31ed3746-2665-4fa0-8052-5219ba75dc6e,50.768625529727636,111.04979908834295,30.09573888707876
e24ecfb3-2f6c-4e3f-955e-a8fbc4166a19,50.29104359223,104.47828268129322,26.79256545477845
d443e97b-1033-4048-acb2-09e23a5ef8b3,44.28514851084688,127.28280859947688,32.43936142435537
95048cc6-6a4e-4ddd-8c63-08d703ea6fa3,51.788936801741414,102.50449005295815,39.021740548933714
81306861-d287-4b37-a7bf-96fd4a518e40,52.803922631841175,91.41188917749494,29.045481041363505
97e2f24b-d1b3-402d-84bb-22c1235dfd83,55.41525621587638,102.44595006064567,33.59878971074091
6778fd8e-acbb-4e61-b3e3-d43b5e0f692d,55.26901026017451,110.86596058072776,23.53363521064418
f89ec712-2525-4454-856b-38b4d79c7698,43.111653160214544,100.97720140651408,25.217818115909957
c7692b8a-16a3-4246-af7a-e17f24fae1b1,45.310874800424386,100.81183382407765,32.362031389401885
cb1d5df1-dbd0-491e-9161-54fc2c3e0b65,52.5751763360433,85.96016624386489,37.420580142679825
9dc59dcc-1b4a-4b51-a7e2-30adf86d79bf,52.56892975456105,86.74198164898104,31.7780667439283
349f35f2-6bbd-4754-bf8b-c9c5a0cbd986,52.57523843153024,71.94789456400613,28.434709847384227
b2308145-472c-424c-9464-40da0fdd64ac,69.26365745327361,134.9915348637388,29.99645702711677
d9ffff4e-2743-42bc-b963-24c33b1b396d,52.85445255346583,75.1227352921743,23.747961330151412
2682b042-e531-4a17-8f60-ae77b13d39ac,55.677828200902994,86.14189604408185,33.022576631776836
399cf7b1-8e03-4c29-aefe-67bd4758a04b,54.770008817466014,85.63185468861604,34.41166531161704
643a7ace-e0df-431a-8efb-da573db22354,53.25695625652899,117.89848753888883,27.7395483358346
1f8afa0b-473c-40d6-a57d-1805b3b5eb9e,48.423653776798275,94.10100643415944,27.649789261202493
ea3220e1-64c8-4f28-b320-12e1d305c620,53.79484610246634,124.95484145347467,31.329391148260243
b671fdbd-b30a-4228-b554-ed231002bd2d,46.13587392731214,86.53018751512263,27.816401319797023
af33d889-4fc9-4119-b317-678a9bd3c0a3,48.815906966299956,105.57988324447604,29.669336926870887
25cdfe6e-6ac2-42c7-b081-e2b80bcd1648,47.57318226085448,83.29305893480486,40.49860894583258
3be26a86-03d8-40a1-b625-172724744e46,50.40937069693161,142.90298255546776,28.76487149627002
520a1c7e-5ef7-403b-81be-84b88f86ab42,61.573292833367546,76.24803161940974,28.20829923989389
8c4c728c-8354-42e5-a9c2-031ffa18da2c,40.66367403704126,106.19641420454055,26.762290971824203
9018ed1f-5935-40bc-b8f2-dd123aaa6282,53.431300951872565,112.67553761864197,33.720959857499686
6e71e96f-63d1-433d-9311-206ca922ca2c,41.93642064405174,108.27598194902997,29.093879133909486
13b25897-567b-4561-aae3-26e8d8945ff2,47.64034067105283,96.29424682244583,26.753134808392872
cb419864-49f1-4540-9d7e-077d4e52d5fd,55.44475298483683,97.40358600533148,36.60652016136506
fcdfbc90-62ba-4cdb-9fca-c45bac18076c,50.321400095477316,100.87622943958219,37.098015022568184
427c769e-f0e9-4f37-90b7-13de47359cf9,44.61127611035347,97.05995996743023,26.997882171306475
04f4c644-c3f1-47e7-a583-3438d55f5171,46.42348145370016,119.27758233589819,20.66730024319692
95bf9a85-ca6f-4240-acc0-8e8f26814ffe,53.39798874467338,144.21046003182704,35.03756844918461
3c718d4f-0db6-4963-a9ee-72793897380c,46.34816684141432,88.85016429984333,26.57685087119998
941e0a5d-81ba-4f2b-8ff9-14dd23fdd0af,51.08229294790988,72.60394040841845,33.953127995813844
28259c54-8895-4f8b-860a-8ef641b0ebf1,50.22785919951907,98.23435903297491,20.149480911440822
8ff488fc-40d8-4e10-adc7-0c00f52ca967,46.74199826197091,151.59418675308638,34.462986691496546
b77ed469-f639-4a62-a7b5-a163fdc9e584,60.719720446626624,83.92650864060539,23.944140353596094
c16286aa-0cb3-4dda-9d19-b7c090244adb,53.169595111590056,132.78233610888134,33.653820595332625
8424f692-3831-45e7-8915-3c2b03839c1e,39.874287066711965,133.55401628152882,30.071365339182172
25ab466a-2d0d-49ba-9590-a62366fe7ebd,50.93227157384714,88.9282351658401,25.230302903016778
2e36d28d-7d17-4bea-9d80-02009ef82879,46.69106767615806,111.37966158370551,27.964818435366098
c46cdf1d-769f-4065-9bbc-5318993efceb,54.26216667398112,132.56793246257075,33.431592284783505
4bd11977-c2e1-4387-b3c0-b3c8855724d7,46.037396307836495,92.41744518025025,30.52947226557617
2f731273-d22b-4153-a8c7-2c1efb0275e7,49.42631779266551,95.92839279795277,32.92206490236242
7cecb3fe-c5e6-4de0-b6a0-9057174c1e10,52.524936394902284,88.36638172102712,39.88220292257743
0e898f76-702b-41d3-bf2c-3d636c124a28,54.32877597085061,79.70486538614267,22.178791941444743
ebb97a63-bdfe-4c17-bc73-401879ad8eb3,43.99851796472112,87.01444909867986,38.08606287484312
a7ad074a-4c7d-432e-a6b0-873ed1775dc8,48.327493820795254,75.52119466475487,30.521779687616064
f9e6beb8-6c2f-4e69-8296-7a1b75890bfa,47.625273444195216,100.68166936518452,25.50607975838436
f1a56503-823e-4190-9407-8ea981bd997f,46.73335383713144,84.60053537882716,23.348431871305053
437a8c40-c9d8-4632-82ab-3cb48201cfb3,58.82727120140548,104.67571823581495,29.054398046114834
5cd59210-f2ae-42db-98e2-343ee567a908,52.024908554804774,68.88208707592746,34.6082505596223
28f7c9a8-43bc-432d-b458-0dcd2035d613,43.69558022832477,106.61760464428914,29.362254398112327
84f4d621-b45c-4231-b0d5-78dae9e48d1a,54.58930973527388,116.6705792321785,37.55577465123674
f19cc645-04a6-46dd-b6fa-9d07819e4974,60.610780985063165,60.12528714857089,22.744121549742204
121ca5ec-0494-4c54-b068-2ae66a7986d7,55.16232630275574,107.48113139695144,29.939555260769726
7f983f94-59b0-4f9c-8b42-8950f8212286,42.403150170229935,124.55337984946584,23.738032777934404
985228d8-060b-4595-bea7-8d819902e0dd,47.57882963566874,75.8071796261759,31.81815941312484
dc220653-8e95-4cd9-ac33-7d6e2fe1c6f8,56.334555745933116,133.45144773675406,34.4344369504865
bc4a770a-ee84-43c2-bfb4-6a43a648cbd9,46.461652671906094,108.38038018732091,27.896191031594732
38256944-9dfa-454d-b63b-ff5edf107dcd,52.219097140731144,85.89976288483183,16.97893071686433
bf9b0592-6706-4577-8f99-eb5554c02fe8,53.87317026714668,98.88461844684588,30.99474073398247
53a8e67c-7f0c-469e-abad-efd970077d50,45.36534764210958,111.16653825043444,32.18369275866755
d3b2f872-f0a1-47b9-bfab-19b92b7eb01a,49.702373219691,101.52010782824823,32.02147377480849
fa13e7d1-04d8-44d0-8de0-e0e3b83ee65c,33.79366329965464,110.77511984892739,36.17891095911077
4e1c647d-07cf-4460-aae3-d79af014e775,44.87806179332855,81.58652813841267,24.644731601754756
57446be4-50a5-44d5-bac7-a9429045480b,48.7371592430342,103.38721648072156,33.40108052725225
7d667bc5-3965-4853-a477-68cecc40415d,43.76108409017575,71.7257100619004,35.962537562389876
b446db09-3d32-4916-b63c-1bd4237100a1,58.16205651965818,97.775478773026,21.107062079967417
d83c9c07-d34a-4a04-9a57-fba3cc200979,42.84929311019684,81.92184717070421,31.598259129594886
5e906058-52fd-43f7-bd9f-c6a065a779ca,47.79977756651508,85.28940114820466,27.479100844961643
886fab65-7891-4df7-ad53-53ad86816e85,50.65370288643046,124.72186350420876,29.59238663449177
59d9f012-9425-4b8f-bcec-c65ae1ef08cc,57.20636644533058,121.82620241188538,31.738382417691682
d2f684e6-3077-4474-9208-e13afaa964b5,42.8206892441028,112.18276241814354,27.56385717943224
f1bcfc52-b760-44f2-b1cf-1655cfab7f68,55.815818760774796,78.15374470654842,26.62145960419194
fd33ea49-58cc-40c8-af31-58c3b2c270e9,50.05116530509793,93.67183100610396,30.170762087440124
23201b34-f20c-4832-97f0-5ffd5f343f36,45.09245674476024,124.26195399958367,24.563770305685985
167805af-85b0-4b5b-aea0-724f0f1df8b9,52.31051737131635,102.83433827279809,24.570874355574073
78e6d2f8-4277-461a-8e6a-93515f862581,50.99529847786735,146.3865907996339,33.396866414782515
ba4cae86-c1ec-4278-9490-372a2d49a8f9,46.99891561420603,107.86635678788744,24.25602982420672
b099802b-db4d-4f92-8472-edb869fb73b8,50.349010424950094,103.84098232980062,33.331562504546056
c558946c-149a-42b4-a89e-7fd7d570147d,48.073432015691196,93.81767071594997,32.31295646426975
0b865e5f-07b6-4666-95fa-02e7b9617a6e,50.56758672625624,102.67081809564564,21.370966356047017
e1a792ad-6ab4-4a05-a48a-0298fef5b3eb,53.31065337260523,96.95060327238912,26.612176738321725
59b49e94-4b62-41e3-9a0b-05e01b5e4a26,57.93008408072676,114.1621735337718,35.97054701523686
46174e05-79a5-442a-bd84-4c30c8390029,43.810922505865754,119.13404633589168,25.09417234430159
293cf537-c5ec-4154-98b1-5b0d147a7ef3,60.665166873281336,84.28021078984101,27.677978688453063
225d8f8e-1a0a-4a39-9f22-edeb7acb7574,40.23956100238749,73.37534092884444,32.31030446625948
5af869bd-1635-4c7a-b1d6-935592c2ea30,49.24107452482208,63.27589253793407,33.91695254641298
66d6e778-276f-4a0f-a6f2-ead22885e3b7,52.94158603242288,110.15982653825087,28.74230556977752
9eea3d26-4de6-4f0c-822b-0cb0174cc0bb,51.40495933867516,77.93266787652253,27.01244902654179
cdb63eb0-e943-4775-8756-e8d3d48f1724,46.88650240089703,56.94218814095034,37.11184930849254
2178470c-9128-4ba8-afc0-0864908d9f0c,48.95938874821363,107.77157209061929,38.6944983189879
c184b8b4-558e-4231-b924-c16f251110e4,47.53499532670584,149.8599903486558,34.89429025390898
142d1c24-ed3a-4d23-84da-fdac5f339636,47.053176215278945,99.87858176920213,30.42659071282512
9879d28d-9e12-4791-93ac-7916da12cf08,54.24801048510513,116.76981548903284,25.95867139179537
11a0a5c9-c29e-41f0-a406-76245645c93f,51.785077429825236,101.6365871709513,25.847777967217173
1cc330a6-875b-4b50-9640-b18aa165b474,46.53545202369673,98.02220693617714,32.61257052632879
df0c801a-84b7-453a-a1ca-df03550a0ceb,54.49799937716625,118.38152965975537,32.091991104443416
1fdb143c-fd67-4000-990a-d8c39103ebd9,51.536497604383044,94.19450911622697,37.007992964732146
9ba366d2-58fd-469d-bcde-0248c786dc08,54.0643105941948,105.34784628143805,33.25225046268069
828fb169-6c36-4319-8176-12dd21a8defc,53.14814420961806,106.43395612392027,22.48459849120091
83319e02-0b36-4fc4-83be-87ceea224711,45.85502494538964,86.63819092713902,35.25973808861459
dea660ce-51b2-4abc-b232-deee8038bbd0,47.19909479901515,119.84084699073045,25.009696863427934
7fbb66b6-3174-4499-8267-bd33931b28a3,53.73646802561631,96.50080486609183,28.08014364023824
7ed5d9f0-7432-4be2-9851-3bfb92bf6a38,53.05185132716733,84.88509681014311,31.251001031258472
bab7449e-03ef-41d0-9e24-8b60619fd6f2,49.89549203017926,110.73019687140807,39.978337448919824
72bbbf9e-c52e-419c-ad22-cfeea8a110fa,50.58663691654391,82.03064036417925,45.549592780026806
d90b8ea3-30f9-4ffa-ab75-3ddf53c643e7,56.388324478942124,100.56362314738257,33.03361529568092
80029d88-f97a-47d3-a750-9c276c8a576b,47.04214305582085,99.81762006711593,29.084016906398062
f86144fe-bad2-4bf3-843f-f3fedd2b2e64,52.73548690585019,121.71791131663156,32.67252824240275
31143b73-45a3-4d1b-8f85-fc8b5683af9b,48.98903673783053,109.49396465759905,34.43827712936918
2cf2e488-3066-46ce-90fa-b3b8280d69ce,48.911593983863895,99.49946082509712,28.396661872214043
d9290239-2b0a-4fc1-868f-3c1077712690,55.49388425993595,116.35532598400574,38.97605677956161
1e44cfb6-28e9-459c-baed-6cf5c17a22c3,54.12708174494015,127.80415098034626,31.15035379595701
d2499001-028c-40b9-bc7b-55240f5d62a1,54.06754818000319,111.15620612703725,32.48871544545697
e4fad949-2edc-4f2d-9a63-41dd46d29b44,56.52739403577164,100.20705239686761,33.329621260272305
25696314-1cb8-43b7-89b1-b23669d14d98,50.105019208163796,73.7632753529968,32.10793305307228
138ba33e-34dd-4e66-9a63-11418f6d64a5,53.40976485647482,78.69772673849255,34.194702502348065
7c8ad3b2-48cb-4663-91f2-5f55829d15f9,48.44866621703272,93.89550591290664,26.913734067265384
47f66936-ec08-4d7f-abf8-35cb0601804f,51.62083176244221,87.80975595681434,27.208491230269846
fa98afc4-15f9-40a9-b1e1-1685cabd98dc,49.34928472816158,96.26057394029108,24.499228835141526
fb6ac444-6cd5-44f7-8bf7-a82e6ed2849b,50.48497982496359,101.13299849794214,32.19750615310113
005541c1-7be6-4d7c-bf1e-e90fe9d768b3,52.975785127184565,110.59385508713461,33.89468251756057
52676978-ce15-409c-b964-fe69def6ddda,45.908896583832636,98.59002443881818,32.28886433075943
a999421c-d88a-4542-b16c-b42eb0df45fd,60.4619363784273,109.73003287652404,38.37246216673769
479bde48-d650-458c-bdb9-393ab4338f41,44.96991309250149,101.2894882962024,29.97201990585477
3e5880f1-9d88-4f9e-a8c6-5f83715db6f4,43.92905693606134,60.490668672922574,33.34370827796256
92b1ed6b-c8d7-4134-a1a1-265b64b020e7,55.79055436750034,81.21329212362491,24.54149561930343
1435db28-9209-4a60-a5da-2539808cf39e,53.95831346981468,97.1182488855677,28.064501487627997
692c472b-8c29-42bb-827c-6e8d600a90e2,53.12059908526078,75.80610514317785,33.47768878782889
1223b5d8-fb33-4cd3-b57e-f959170ac8b9,53.1417275463214,111.9985745999241,34.24551055371572
6a19a2c0-b84d-4757-a5d3-2a08435b8f1c,49.93876613576543,130.61501664687395,28.530165261679088
338f940f-c03b-4f02-adbc-c007bea1d6d5,45.51372814257084,124.37523703394633,29.642003740709665
ac5a3575-d58e-46e0-8944-f64b96a8d0f3,50.379022790968634,95.73114258139584,22.410631266595953
efadf0b1-b8a5-4704-8f15-258f20e9cbd7,46.61419144243944,129.81452273699904,28.214853995966955
66cfdcd8-94f0-488c-a53f-6c22504f0252,54.87559866708875,102.97334914404223,34.45191581759893
ba54d3b7-cc1d-424f-9ace-19c448ef9ea3,49.26471309248931,93.25828057763921,32.876025080532834
1caeea09-e4bd-4697-8db2-07e6a18475b1,45.87251401603744,87.7319467291812,32.503328606906045
dca4f62d-2a05-4a50-a16f-1dc8bdb4d7df,48.393070791735035,93.95060627023743,30.2488684359048
afe8b938-4133-4dbc-a318-996d68103215,52.064657271378124,92.23646362917543,30.03531579314088
1ef4c679-6ef8-4215-a630-fef330f39111,47.18137723598013,103.40832444750976,26.698394302632764
4665edb9-d765-4ba1-86c4-84e61fe6e31e,45.888898022167844,103.2114796209973,33.49414210101267
dd1bbd0c-d8db-4542-8bbb-847339096cfb,51.21843605745956,100.0609204030683,32.104864721946946
fe0a9bab-cfb0-43b5-a376-a784ca3a02d4,51.22483285554361,108.73876339492699,32.46009423996399
a96dde5b-ba62-4eee-b2bb-96ab1b199b2a,47.46528412314435,123.81292549572683,27.369825786662098
c2c36cdd-16e2-4a3f-9f9f-d7f8d89d7cda,47.644808471908384,118.99108270882647,19.23328540064378
ce7618c1-a213-48c2-ad58-2197344bb6de,51.160249686788184,70.30204063100193,35.485763558768475
4abb30dd-d9cf-4519-8086-394f8d596289,42.75957829251338,48.9215773019609,27.605812719957978
3f41f657-2de6-41a5-9a0a-866f29575ff6,42.962681128117225,118.68639822478548,25.686121179784397
e78554fb-3ca4-4b0c-9911-00aa3fabfbf4,46.40777889373782,72.66242603169158,33.46739455956997
3fe2bd3b-a358-4422-be4b-510d78495c26,48.932764241440765,95.50469196214632,28.03993680040435
6c934669-51d1-4b2d-959d-09ac1c28de0d,51.554537827990025,76.59773947881281,35.29968192023311
9a6dd696-7614-4a85-90e6-fa147e74f16b,57.37678108474776,63.9603912483996,33.08502974788349
21fb2127-11d7-4ab6-b389-6858047e11f8,54.2882981160101,110.82925456409576,33.417846616002386
7c086d5c-c472-4352-8191-b32f0c62d42f,49.20030735018287,115.18310320605293,23.170221443997328
6b875053-7bdb-4be5-9bf0-a25744a12536,49.904918960486555,88.4697919854656,36.059719926932004
3e444fa2-43f7-437b-9465-6699c1e1d8a9,44.987353176810956,48.179154157101806,31.30625265616928
bc827c9a-8ed1-4234-9367-83a3c9accccc,49.90743432003805,89.07511103495034,28.153614303768983
cc3cd232-55aa-46f2-96aa-22e8cc10da65,48.55670680539931,107.83608010805094,30.716942336711256
f3f7a64f-9d14-4272-9954-87accd8e0936,51.613592801690444,70.42176862451743,21.1188238355084
3dabc8cb-b6a4-4790-ae5f-d57d844c5018,45.86384528223839,103.66719839558311,32.043264057403356
2d31b05e-3e35-4812-8597-f4458e883e73,52.59673257120586,99.69380301654009,24.853142459089643
36762ffa-4205-439a-83f0-a6e9be0be67b,57.66369456501289,111.58582999202177,23.23664857078233
5ed98a72-17fd-499d-a613-7b6f5fb37a18,49.45619925771571,102.39160736828306,22.388204068910547
446ac889-1cee-4fc4-8cae-4eee7f848440,52.00855861049471,80.53862118236889,35.563441874949625
fa89e0e1-327d-4d74-8d7d-8586b8ebbc53,53.45071995855556,123.93143003328983,26.853683031536058
f0ee5515-6fe4-42f2-a625-cccd8de256e1,47.99389764057082,96.8294085394606,37.6686385495825
cbfb8302-41d2-4ad3-b299-146355da4b91,51.12046240905208,99.45390920980137,27.32099268473851
c54fc2d8-0e61-485d-8b2d-4838b10984d3,50.06296200390897,81.33464081853609,21.463210212035264
2dbad6a6-67a8-44f2-b206-2b5f3d222c7a,50.488380492744156,91.13435497616979,24.417377800256705
95740e1b-346e-4195-8d92-fd5d8302c63a,46.134951080722665,82.30394571946198,36.179058100034695
aa484152-c189-470c-bf91-4e7b26166adb,50.12255087129471,96.54107880153154,29.220509110316662
4d6b7160-1978-425f-af5b-2d88e5e16169,52.48999145622725,134.23416960284686,27.258563517546996
c069b18f-fa71-4482-99cf-8d1fcaf11214,57.25571803897521,72.56197714137286,30.80009112926394
3d8869e8-4c24-497e-aac6-6d1c362bee34,54.79635413042603,67.72877204246518,32.50891368083772
ba77f83f-0441-434e-94c2-05d3e1bcb80a,60.76591228755778,129.42340654987217,35.5869940795123
652b2ae1-a545-4b6c-b591-def2e9998184,46.16326218555975,95.81352645696268,37.24249614946463
a40939b1-4d2a-4b56-8943-6dc406fb64e8,54.36160318360339,86.61854522680167,28.20115677105457
92879d3a-f5a6-4fb1-90d4-dba653523639,50.91671002869176,120.79809374792153,23.36976156958981
98d6a560-787f-4f07-9648-092f96012e16,60.94901466608836,87.88768920526272,27.93267419438362
c07dedb7-099c-4f76-95ff-ebc21d43a87d,45.95850857322424,136.52019427093873,31.30140253291443
1cbafe17-7a8e-4424-98dd-35a199931439,45.80139078909612,113.55851742678539,25.181205368946944
5d8c663c-d5bb-47d3-b312-1f0b3a51fd18,47.003036772779886,90.24177183708595,25.214245425524787
1d9a607e-9f69-45e7-90f7-06f2ec248266,39.380521378450965,143.14616426531006,31.718939407749428
d96d8b3c-bc8f-45a4-83b2-232b381eef0d,47.37122489159619,87.88570153993324,29.756738242147744
e81f0448-be63-4e41-84ad-e884a90209ea,46.20433669223151,114.84190744018613,30.163984977057932
f94e9535-5429-4f1f-916d-5c0e61ce8437,50.75196893238104,105.98585160812983,26.207523326499654
989341c6-566f-4122-84b4-1afc835be051,51.7087798788858,126.03482578797596,28.847996428971165
88f13686-ff4f-41f1-851b-66e0fe77c7b0,59.38085419607943,131.23022393453707,25.378834278658477
ea1f8cc8-d13f-4784-b90a-26199d892bf9,54.75211919093025,100.64008298131533,34.450992055623935
7dddd928-e905-44ab-beb1-1abcc83b11ec,47.115481721687985,84.93164259307633,35.17624667361876
da332324-b64a-42da-8417-e7976794d268,45.50792664325821,109.19944285878233,20.76906068880953
17f97a99-40a2-42ba-9546-fa1a057558ba,52.45959585753253,86.44569260495788,25.35244569903795
c7b4ca75-1812-442b-92d0-4580e59865ef,43.39883396489679,140.26774495053246,22.517353724549604
1da3a9f9-c776-4e36-bc2f-1d8fff9ce647,59.157293829271765,102.73070662165475,26.74988032796551
220c64c0-0392-4829-8867-b15fcdaf6c48,55.897200603606436,92.69356897375782,29.582810151048196
17a07a84-83ad-44aa-8a86-013007bbd77e,47.65412173947647,103.69360611729817,22.75177390150735
d5a49ddd-de76-4358-bed5-ca412ffef71c,41.434327354545616,73.05747420940607,25.390700934373434
9acd192b-f137-457a-89f4-b2a948761d9d,56.76936187082706,80.56771922978697,24.980213139592507
8daa72a6-a166-4531-b1a6-7d11543355e7,49.42730077373691,124.00827815888852,31.03633664699472
834c941a-2059-4f55-ada4-bcd5f24f4fd7,56.18908155986731,86.86211442057208,30.34672168518125
8e9198d3-df80-42e6-bcb2-cba70d114fc3,42.02786170602816,79.0617803463612,26.391312233313734
2724c800-37a0-4bdc-b1d0-e7ab7191b7b2,47.00312488523114,110.73305505054572,30.88410436069699
593e1a51-819a-4e53-affc-198863fc02e1,50.026218498590914,123.71408309325994,27.266599577063673
1539cbb4-b1ac-4f64-829a-23ca7117a8ff,50.23490296882371,114.37906621330134,28.641724448369732
90a42c5f-a2bc-4fae-bdac-f3dc8d07f56a,47.749672642603784,119.92095371611633,38.36726045149268
c3bb4d1c-fad6-487d-bdea-952ef536f669,53.114249661737496,84.86409822861079,36.70230525895174
99aadc1c-a69b-4aa6-9359-2c0adb9ca99c,44.66189785308703,71.56378666516312,23.502093815362013
86759f22-f843-489a-b3bc-eda5c1114271,49.288102574893536,130.02667303910974,34.14866208939587
d7e70e33-024e-4046-b765-016a928843da,50.601478158559495,93.54640322315728,34.05698277245796
66096172-721a-48e3-bb83-eadb46884366,52.57219417029374,94.98333967089906,24.25868355623691
8bb570fd-8588-4f85-999c-ccd17535768f,53.558074390444446,126.56388283698115,34.0938882187743
b7236399-5582-4cfd-8cb4-fcbc02036d3f,44.376789540810655,111.1246001880132,37.68965959206277
59e0a93a-4f1e-4ad0-9b0d-1ab2f0acd41a,42.329429146321885,109.11775544163216,24.38727596877793
7792f1c1-6439-42b8-a5f1-1c0dd0430d74,56.38838410949255,143.30004689802166,25.412485894928682
5947d021-5ab8-403c-99bb-d82fb1ac0308,51.66157005989796,87.12963539239715,35.08830733421751
b1544cff-912a-438b-be68-a176c959b67f,46.25756731721723,118.55680256162475,31.35747655412824
5fb4461e-e4ad-4708-be05-fc5608f562ce,57.75575987761262,101.14026249794169,32.757381376197614
3af297ac-4227-4854-81fc-ab2162018700,50.57837317146429,105.37184557726513,31.702946082002484
a718a0c3-b6d0-4639-b400-b5686ecb65e3,55.89648592031913,130.56936852825064,31.95347960464072
f8f01710-e32c-473b-8361-9ffaf890f2de,50.33759240705054,110.15671512579247,23.367639358444585
5dc28d7f-1b58-4856-9c36-5fc5a09e0792,60.303739624409936,110.76592158099265,35.23658853310724
7eda0618-1e97-4ea8-8218-afa13825b1b0,58.77670421221602,121.45014674619604,35.84794996213887
30dc73a8-5ce6-4452-b8b9-b8882bf80d1e,48.75517925760463,92.70094540914229,28.85304627965986
482a020a-5650-4425-9f17-bac0b745be0f,54.85785475477178,83.21580665321987,29.78261525093069
c961dfb8-b3bd-4cd3-b3b8-81c605ae1bf2,53.226879747925736,79.10381611957934,22.34446248722139
0487a709-566a-416d-b99c-d6569011bbe6,56.843157787661745,60.67286821247996,32.57127378008917
4905f9d0-0336-44f0-b817-dc482b590556,45.17538269709948,141.12414259880643,32.86028720857072
01d6dea5-93cf-43de-aeaf-3df8c90ea049,53.4302572999922,77.93583268556634,29.689044915003446
e189d7ef-190f-4c6e-b0a2-e43c2577bb90,55.292122434247936,95.57492752828456,35.621766799352514
324832d8-b2c6-43af-befc-6f552d81a502,41.20630256788443,94.46373400222159,28.329613845100297
29d2ff67-adba-4c53-aa2e-aee454a3aa8c,44.083707436671126,106.14813395618202,32.823029629468
c7da8b24-275f-432d-91de-76f2f2769404,39.803839111199494,116.31474425078594,24.901678306539424
c38019ea-45c2-44fb-a738-bc3945f37f06,48.65296582777721,117.2094697671949,29.88223924562881
ead30873-ec12-4efd-b28c-857e8c4a4401,53.58771127897981,88.33845122862124,29.12822871048582
c6a942ec-80f0-4ee1-84bd-325e5df15af4,57.51178526048014,96.65756572427178,31.12653961020471
b931f3b3-fb81-46e1-b659-c68e7334bbc1,50.37047390209887,105.65159900976599,28.152365355833208
3c8eeed5-8259-4ee1-a8b7-1c39a6394df6,58.14307772785646,95.02617747632905,29.34263702164166
a948e3e6-7cf2-4267-bb63-a94256667752,43.099492708925546,132.14691152039984,34.13023585720753
bcfef3ca-d2c7-489b-9dc6-989116dfdf49,41.48308780322422,109.81949903276502,27.81617881380891
4498949a-9c33-4fd4-a5c9-06aecba6b087,49.722261505516904,114.69755572099635,21.967114496306603
991b14c6-c252-4b06-9e10-94d494e8d82d,51.92032724469654,113.25762537334825,38.7479195210271
03b20ea1-cd0d-4ac0-812f-464690deb049,49.836526259529535,123.4694771497065,36.907270393452436
395e5f9b-07e7-4097-85fb-b7195324530c,39.66278949980062,103.62043117407414,23.538686524471906
67760e0d-f863-47dc-b455-fd460aabf405,49.55439980243606,74.06336104088307,33.44853902622597
068868b3-bfac-4656-a78c-99f278572667,43.47765249747573,107.99375903505283,27.485126147243285
2f069c74-cdfc-43d7-b4a2-d478125a29ce,53.348362744150194,86.97286212416341,31.317436076655298
002e2f56-803f-4579-8ed3-ea2fad6c7281,51.83299123048424,89.42766636500487,31.47112064506747
e9af0ab8-de61-4653-b769-2dbb36692852,45.30060106836322,111.72728037510187,28.82796099841839
661258cb-beb4-459d-8919-1febdd724f93,47.43066541331653,124.76566142867271,26.081171672068017
ff6af4e4-ab4b-4a8a-b509-076e66a6f66a,44.703932390555245,100.42543153472123,26.547294738418703
32b16190-6b7b-4cdf-bb73-591574af617d,49.686604513634144,106.17666025197927,25.41904042259379
650b5e0f-c490-432c-a14b-611528bc12ad,54.77571160250619,134.04429889270477,25.840888958847778
fb7eb4f9-0e22-4348-b0b4-baee90cf185a,45.071369768322285,104.81506358977137,29.664108549753223
36b0f9d1-f7b1-4c3d-bdfc-5d1fcd555ce8,52.52023257758922,152.0336622836079,26.421200054446242
bc3df466-86c0-42b5-8c01-d2e630d31ad6,47.348711908137794,111.31019291263088,33.4102603285631
d57fe9de-0ea2-4f48-b175-3d765cad7713,46.03563583868828,64.78474481688365,37.436230776679636
f75a493e-5487-4f0f-8670-581b5d544670,49.46484820022721,115.06683242209066,27.099733793149785
318718c5-269c-45ea-a4c7-1f5f9353b9ee,44.82378838790313,107.62316769765556,31.197022502676884
94c348ec-90f8-4812-9f96-b9fa09a682aa,47.23175347326409,125.79505508165491,32.49842555151467
3fd88c0f-ef75-45a1-8efd-523483b7d5ad,44.010610537055754,113.46362702539916,32.360011354596374
cc214cca-10a4-430a-9eb3-b4f624159114,59.82362566458195,97.23088032032453,30.379776339580438
479f6181-c35d-4539-91e6-26d3bd6b7577,50.17631775985864,75.51403527421269,33.71341209179861
f353b5cb-822b-4c01-889b-240ca987be7d,46.501372460037075,95.8195348542795,32.41124476340329
73d87e9d-a331-4c7e-aebd-d5291022cfa4,51.06989955367111,82.989590915814,23.81168788836351
f33faa6a-d5b1-4a69-93db-a91ff83f3a7d,49.43835975154585,88.38953100390555,34.345780321946364
f0b78e4f-a020-45d9-b971-9470b74a531d,48.89515200233389,111.7715680884122,34.43645418633371
788eb947-7368-4bb9-b8d6-fafb3927e831,53.07083350021713,133.39809008702812,26.183569479107092
9f8c931b-99e2-47d8-9852-cffbd4a2d8ce,53.787538550236526,107.89343059645962,30.18968917723801
2ec8dbf1-00f5-46f6-8c2a-c98d430ca2bc,47.34749426194736,76.0823387592963,33.416644964055344
002b955f-c61f-4d05-9424-b0938de68e95,47.1209087967766,108.89205336440281,28.953430902103193
bc6dd28e-470a-401c-b50b-18392e41c403,48.62474151424178,123.93262973291303,35.36489023883006
da2599d6-89a8-40bd-83e8-9864d00f16ef,38.49039417632208,87.80434191361236,41.8193624730968
abf68521-3393-4fe9-ba58-1cbfca6aae93,42.42404468900724,97.31965666654165,26.070069836825088
5c4819b5-647f-4aa4-967c-95d4ece96870,56.83437133722262,100.29376389458395,23.094776984231125
89e3b5d0-4efb-460b-8389-7b08bd800bad,58.22483856750642,84.30203373835519,31.51909297802438
459d2e83-7434-4439-b0e6-ddd688df1261,48.75481980221811,112.96560867687718,33.60781252563072
8b9c95b1-a515-4def-9fb3-3a346e5c4d1c,52.88278481527883,97.58103702784437,28.845668130776154
6f223dcb-a6cd-4656-bdb5-c4267baed00e,51.55625077271768,108.39064887814055,37.266303316605175
3ae21874-e75b-46c8-b90e-c7cba70927b4,65.3944040422762,82.25015644395799,23.306971001383758
5272b26d-ccd9-415d-8033-9ad72caf01be,55.59787455717289,91.25083399353178,33.46459311515805
314acb5a-4f24-4d9e-84f3-c1c8e5ce325c,49.36041204259617,114.44762715655543,26.970695896205534
6eb41d23-d1a1-42b2-a966-1b1bf23fdffe,45.22229779699787,92.54333695816466,38.59688953103648
cf0a18dc-9e13-41c6-97a9-f0dde01a5bee,41.96776839871214,134.5392770246681,39.962576765840595
2499e75c-573c-480c-9f48-bc1e24b621ce,51.017318179336115,92.00727628770795,26.16671706108326
d41c9db7-71cd-415a-a3ff-f34ac9cf0fa9,46.21824627357849,104.49369451503772,27.2522143204571
1a69c2d4-8834-4128-8fec-f050bb7b5000,42.888731452011626,118.65181663746179,34.29793943489901
39d4302f-fcb0-498c-9ae3-04046f0742dc,46.76713557878737,71.63268534133937,28.064346751052426
30917f18-ab8e-4a86-8d83-8792bb5d6245,44.592259981928024,64.78382376038448,29.77294391033881
16010605-34ba-4544-be78-94658d97c224,58.43570817536282,69.4868737085981,30.12694210271205
f9f5e20e-b7bf-4081-a4bb-e97342fa3eec,54.408198784747256,125.25168206854364,20.40163421901172
c6874b2c-715c-44e5-a1db-d21e2e058ce3,49.960136793416915,88.96283708215107,29.930811269528814
8fd8de12-f3f1-49ab-8af6-b4c46d92a727,57.39972069445013,151.16398571336504,26.55136112967913
f2a50808-350b-4be5-acd9-d0eb53e7186d,50.386841538238095,88.71504802685223,27.53438588800114
697048df-e7e5-498d-8e7f-41c0617b250a,45.693578993358685,103.69102606394074,37.21816001734407
4482b941-76ec-4dee-b5e5-8adaf7a79266,57.61562038634828,130.8421990513575,23.717465528603718
6d1b27d2-8e8d-4eb4-8bd1-bacb832c4c1d,52.694550218423295,140.12185776318245,34.06602593373989
875061df-2f98-484a-a08f-13c733de1c40,44.81376922836772,141.23007153272795,28.605185348340957
f207a452-c3e3-4294-ae2d-49ea0a4857cc,49.04830660958196,124.16732461186285,28.601199157520828
a4b3d91f-4f98-42b6-8f66-3b7fd5b5b5c5,45.62190873307621,120.48125051622925,33.951859480258555
534d8f0b-5a47-4814-b884-e7bd771d6fe2,43.08600134517832,111.85053898402366,31.70025647284445
fc7e7ec2-b00b-49ed-8ce1-44ffd7e8ed2f,54.630887737658206,115.56722152333276,32.85306498609766
131409fb-923c-4d30-a24c-308dbe0a8ab3,59.54708320235065,88.97628567342933,34.84092330266431
72a0722a-f210-4381-a964-4e8d41bd6141,43.00716213090429,83.63602233155386,28.343458084083387
3649d7d5-60dd-4a69-b9f4-762cf85f86ba,52.81484618345286,99.93251085178096,26.938816327461247
99d427e9-1fa4-407e-adad-44bb5a07695e,46.746787154390866,96.59630754950143,24.574247367211008
99d1c4f4-c5bc-4cc8-8a80-26a322c3b792,47.56437308117652,90.9354390134545,25.872947350105225
6545fab5-73a0-4830-8b02-843d1e3a5e4e,47.03803037880566,113.92774894913431,44.745472126543625
9ffdfb87-37ae-4991-bb59-a3578434c5db,45.68004615160092,119.10610417141021,36.22339790368393
701b2634-7ff7-4d15-8cb1-7685c974008e,50.24260813972413,101.76813772583695,23.244628168959892
a648d9a0-5627-4300-896d-cf750393e20b,45.845249417944814,129.55060162110524,23.38771021628215
4735e707-039d-4d43-a0b0-d7b4c5d3ecc8,51.35228412889919,77.1662177173299,32.40933030859246
88b7e1cf-6253-4f24-96da-56f0b7131de2,49.748809452754315,96.12681081440564,32.736323986889836
0c765ec8-9645-4904-bfe2-dbd876b566f2,48.80525976566795,85.66355358794391,32.744419176586824
b3039990-d5f6-4902-bf51-bd7f49e520df,45.46218168979201,62.6692676585388,28.72522103223151
63c8c074-f03d-4c3b-bff4-e9a236fee224,47.116143347158335,98.34638628314602,29.372728699985498
454a6bf3-ee86-4ded-9a84-a3d14beca658,53.77695612912878,97.56504983233432,31.639397620796785
eb11cf20-feb9-4017-903a-647dd38eeff8,52.504585938121906,130.26899486484263,30.429465031466652
b315bd12-44cb-4603-b75d-12f04976e74d,45.11222377600724,112.61623369109554,18.903498136262325
dcd073f1-7f77-4510-90c9-7f6dc31f93d8,50.49666152714613,79.51626351341591,28.85100184712403
97ef1f23-66b8-48b8-9fab-72de16e8817b,53.75693561685895,137.08185132668376,25.742967828698433
79e5b1ce-57fe-4875-b0c0-85fef898dac5,41.652973594393146,124.42067391050706,30.87605709454256
465c59eb-a693-4216-a5ae-376271f02237,52.71680096189967,111.64195406937232,44.926295013017054
c63ad2b7-34df-4aab-9b3a-678ce989e025,46.686881205270765,95.47031802300336,31.83740832737152
26ffb940-1c66-4c31-8943-019163a198d6,52.852993342965796,80.81121526553041,28.43235156913801
39d626be-e5db-436a-beaf-a1ce2f3b5907,46.18370421728741,92.55586447857894,34.60900750988626
2838c3cd-9439-416e-b5b6-1128dc458eca,40.9755894966774,121.77497239408372,32.41343943604606
a728bb58-1cba-42d2-998a-78d7e8995ab3,41.862287810584185,137.69172611869217,32.100472452259204
3a4f942b-ef9b-4ea7-8b96-c97beffc7562,50.24042473330691,130.86487056544377,33.034252966078355
842df414-e08b-47be-aeff-89e7faa40a81,51.29861250860741,90.22301156427451,40.28271782414771
ab99d597-c0cd-4963-87e6-620f091d87b1,45.47841687447796,77.60765133421978,24.34555782337042
fe16be39-d0bb-4958-919d-7e3aec6a56a9,53.19296229388687,102.81772493822407,32.36816038405727
11e0064c-0096-4698-886c-6bf0a993308c,41.6923996886552,64.63121268874298,25.368094350092306
3ecb8446-47f5-4a80-a499-2455137fcab3,49.669601006763415,106.46335428369562,32.77756323171124
47d13f5a-018e-4a71-affd-4f7023873e30,43.94491900118771,97.04794827402662,25.40656744256953
ad8c4e8a-58fc-44d6-84f1-5f1cb8befe7a,46.7408194609892,90.67926996263516,27.91316593197458
9f6c5469-5741-4081-9393-b9328e6e180d,50.23699335658207,68.10593865466409,28.524550428810468
c3efa312-a081-4e0d-83fa-cb5f2f284d5a,45.69793317358024,110.27200213139433,34.87908359672355
6156de53-5356-4bfb-aa64-68d0c093a0f7,48.077222278850876,89.34598320676177,34.59227221971207
06ed5256-19e5-477b-9f38-e54ad76b7176,55.0314640460722,76.60166328579425,23.771413117768077
715898a9-2f58-42f2-ba18-f10e22918db0,47.115540652384254,42.55475573436701,30.274670554999243
218b6a9a-914d-44ce-8d0e-6f6502d2c326,54.17846056032571,99.44970189898727,26.452100726254137
d6907fb0-9c50-4397-80f6-955e9fd9a060,44.35146572671191,135.4450319333949,23.707475446623327
630041c2-8e5f-49e1-8f28-2bbae9075d0b,52.64902088957641,133.2251842909574,28.914914747878147
9f603c8e-bed0-4733-9fdd-aec64e180e20,57.207843103289505,90.85807486827457,28.457586057720903
e7ede482-fbf0-426e-b3d9-85b67bd082eb,37.641777499363556,87.95575879276439,42.13358243172761
aabcf532-608a-4d48-8572-aec3c92c5738,46.015523722647615,109.37548512150047,32.16479912680348
90cc5662-9fcb-4c1c-9210-1e4e3debc5a7,52.8853606359027,80.03229121623417,23.111912496228815
21fb4f70-d4a7-4c9e-b14e-146114052d45,48.984773069785035,106.03583799638932,27.176129979145287
8e232bcc-450c-456b-948e-c5ea7f14396f,51.85572936685654,115.32160556769381,35.106916477146996
3566f75c-596d-44bb-af6a-3a48f3e8922c,46.9800740664209,124.53866447768615,40.442213864349625
c8698794-2e34-4fef-8a10-2a9fed3a3c7b,50.4329489373645,97.99691847040094,22.070083438810208
46011be7-45de-4ae9-9a85-81dd0f02d1eb,49.221613823039604,95.92652499646069,20.600378074304775
8dc8814c-9bd6-433b-9288-1fde8bbe1d2a,55.838910308299035,82.44034826486877,39.35482587685891
aba9c701-5f9f-4969-bdd4-9d8265685fd4,51.272104216506065,83.4623929192028,31.94807088685452
f79480a6-67ec-4d87-bce2-23e08c6215c5,51.68801331037601,95.47042216196947,25.65853634061817
ca793271-5b8a-49bc-b3fc-46ce193efd7e,47.94061516938766,107.34731013632356,32.67314543061217
1c7f7fa1-7772-467f-83de-2571490d815a,47.56196887963753,118.27169252466499,16.82126130491561
dcb39a92-07fc-4086-adde-4882405e4fff,47.8372090609019,83.9364209863931,30.016877532985806
997d74e5-00db-4bce-9946-55b464e705dc,51.97226071189149,129.85377137919045,31.639105864215427
14abab1b-b272-49e3-b600-778b41a02c0a,47.895077595898684,94.57752797914863,34.62135069768915
acb0ad28-4ccb-4587-b81c-3ad0dde2e9fb,51.448874284482066,99.57265411303128,24.930520238537312
267385c3-19ef-459e-be47-6b626cf70cc7,60.37700399322719,85.05576641704353,30.428435807016797
5e280f59-7a64-49eb-a441-553731847c45,54.35562351715846,51.515194794541166,25.37287686970206
ba6ca5f1-a930-4b37-8051-ff0942a49e71,48.369882339160796,117.680907927221,31.276918778371584
588ee9db-2d6b-4f0e-93ab-48f3468d3ebb,56.00606961081972,114.73687794184866,25.52326838818488
196321d6-8239-4ac4-a6cc-dd609803603d,47.95962313489224,94.37344885763574,27.959495804198898
52b2e746-7286-419b-ad0f-7e302de4a68c,39.80937732411073,101.33981434449744,25.020923026048855
d16b5c24-c722-446a-a94c-83307c632e41,44.95956844541298,110.31878435408198,33.255681209118286
2b1fb42a-5325-480a-bb3b-f0351342e5ee,40.646040394870724,68.74908286226915,34.29225558328333
b569708d-6814-4882-8d3e-8f81710e169b,48.24243257979346,89.4189464530741,28.826897150212933
c36a3515-688b-4503-8c71-25e322267542,50.09209189594776,115.88529359243654,30.191189974800142
e075f54e-650a-4911-9630-3618d24449f1,58.382186561376415,74.91421153661501,22.75704292683228
d59441be-85e4-4fe1-8c9a-4abb4adb13ed,51.63463686882081,105.87115864333259,28.501616759966065
030aabf3-87ce-4c9f-a4aa-caf4cba35ab4,48.90449735595568,72.8683639075319,29.748976914791275
3311f526-c3aa-44ff-b1a0-57df93e8aaa0,54.14702790591745,109.32859964867053,43.103965455149876
469f1ab5-1aab-4ff9-b0d7-6d00c61bf5c8,38.944323454960575,99.28717035405033,24.440164871129184
e5139b72-556a-460c-90b9-6f315e1a4ed6,51.17807279054283,67.69736368188981,37.320886193762185
483c57b4-5ae4-4910-ad1e-130b7eb79030,53.85432596943483,123.29478708914343,34.98429386732904
9e7641b5-654d-4b20-a208-ea455d343ede,42.60706877110079,85.30816846403901,31.403182022450682
4c474f6a-66a7-4290-8b44-949cd402c380,55.71877021603464,83.79495125971238,38.79310242097567
9a61c320-0fda-48b0-9ba5-60df862ae996,51.69248203747207,104.01138394461886,31.860527363034315
144c8e41-7135-4f92-aa84-5a4f7647f3ac,47.923560430495996,122.9727469885743,31.945795978339643
08f62b2d-d833-4b0e-a9a8-7c1d8983230a,53.163909330531425,79.68356362043207,29.734396734912274
015953a4-45da-4dc5-a1cc-f759fb9e1af2,61.35346428902198,101.23359699695943,36.117844412093135
95990bb6-de07-4ef6-bcb7-7e3a1ce750e4,50.90933127529247,108.57633000661146,35.482346169054416
9adf1593-894b-48e8-9c17-f2960fe1a155,51.24110293150168,113.86211214526288,26.871613562518938
dedf0a08-d394-45dd-9b2a-940d289fe76f,47.70319550229878,103.5288311055445,23.40376402700616
cfb482b8-20b2-4530-ac45-d2d3f25cbb81,45.75077815267604,92.65944321833355,28.985096813021716
399e9742-66fd-4ac7-ad10-cab54dbd45bf,54.15167908272123,83.44819558702561,25.999807178011768
47c234ac-33d4-4aeb-9248-d953584fc787,45.719580870455665,101.7228776609275,29.682377126923225
2d05c992-50d4-42b8-9bc1-decc3a284ab4,50.35783118609696,78.55721976028786,36.187190673420695
ca6ea731-65dc-4ae8-b43e-aba637e3c254,47.61171276617441,41.57299033010786,27.71349172456605
ea7488e1-5871-4d9c-a195-4a86e84d11cf,52.39489912873196,108.73119608315335,29.785883093442127
aca4be4c-dedb-48cc-9cb1-0e2557974109,51.668310526434745,118.07869682172391,30.290113674041976
3c59130d-a3be-4dd3-b3c7-854afe8aaf52,55.1876997212895,52.741351289163234,34.24215441102642
b9156553-ad23-4232-8562-b0367174e17e,47.44991800572627,79.80538590580124,18.765553330076976
28cf4b57-1bfa-4e08-8300-ede4993cc46f,48.65062532353314,112.38308522010395,26.966498526173517
1b72f3e8-6cc9-4fac-bd16-1690ed8f304a,45.106181421088465,141.149909394234,31.056418461397364
e783ac3d-f696-4e57-97fd-9d027af2412c,47.778533699619445,100.41587415350816,36.00039478213431
e0f5a522-fd07-49ab-a54a-f38fbe66e300,51.88650246522426,85.43994117541732,27.540487762468974
c67bef2d-6122-43d6-b486-697139b01e5c,53.78494308322676,96.3420711779032,20.61723646979063
1a6beecd-c7eb-4a19-9336-480b22a97c0b,45.389173379111874,127.4975283829637,33.09855722983068
05e72940-0f3c-4ebc-8578-730fb8c501a3,54.3480296005283,87.0807164175093,26.823188055871853
28470ff2-77f7-4305-a124-9ecbb7b48757,56.778189294024756,84.01615986699493,24.051666704548193
120ad040-55a4-4649-b744-c037f97e24b2,52.067174516118506,90.34512955635935,26.87827305143388
a5f7f949-1369-4481-a58a-f42f569e9431,59.38397906279033,80.93342783482575,29.07737321172075
e91611b1-2eb6-4f7f-b060-f5b89dfc1000,46.13105400448214,102.4534063198959,26.976276677308938
ee689a8c-fbf2-4cdd-8f5c-1eb165e9194b,43.776726483442914,132.4935691693912,18.972169714504652
902be151-af5d-4d23-baf8-e8097f97eb38,41.10639875547861,106.46158546232058,34.48533098443566
71f1e903-bf2a-4fc3-8c32-aa6af9f9d17b,57.480221557445915,94.95292995747425,36.37437520639361
bc28a5cb-8a95-4aba-aece-4dff210ade8f,53.27182828177029,94.16377462168911,33.25760995669753
92959e46-c9b1-412f-b10f-0e4fbe08db0f,49.72207664544772,68.73618382606686,24.311571647875915
f24a2d96-6274-4a06-9a8d-2823cbbf35dd,51.3998431315991,117.66219554294318,28.99254233026241
dd4d381a-6b92-4441-a527-3d8cffeb7d82,44.37255476350812,98.44325605974396,29.96739342385271
968493e4-daea-4da3-81bb-06016bea33c0,62.228759898084135,96.39040172818748,32.99397194780955
1794d1cf-930a-4e8d-bc5e-16d13ad7781c,50.64610590987614,163.86215135689721,33.34170244359041
3f4b804e-91d1-4524-b5ff-1e1894b5e20b,50.546973973024464,105.97505816731372,26.32913100610752
bc99f7d2-58a6-419e-8334-850f761f3085,53.62883311949346,84.96417899809632,30.409977782067802
5f166b37-53ba-4cb7-ac97-bb0c95c2f216,52.40504615868357,91.47284807588913,32.28640202307621
35771d3c-a684-4887-9527-79ab1d5cadb3,51.119420121395656,122.9689141839351,37.279111610733835
49db13c9-907a-4d66-becb-980bc3364964,46.04762772277344,102.26540821075528,33.522532699123616
d02c9d0a-e135-4604-a4da-4a83fd38af41,52.35734178567998,71.23444043365267,33.945283436877595
e07e9a99-8485-4c1d-8df5-ba46286eb52f,59.41012248237517,118.38457869150407,30.419133139646803
a307a82e-f3f7-4c22-90cf-01d9d7fd4dbb,56.72710023077489,86.63711828922013,37.05229572601752
4cbd08ae-4e6f-4304-a39f-73a97c1d0fae,57.965933133196984,137.4659555243509,32.04881397979749
5170bd8d-7f28-4b84-a8f0-083e99e21b87,47.443921617844076,121.60096131429297,25.694560449132148
e00f38f7-9140-420d-84db-e397c0f08fc6,45.0519758987071,91.05356208682498,37.01684985062595
9954e038-0d07-44e1-a82a-9180f94da42a,49.37106539950176,125.62032723470226,33.48951636269514
ab6807ed-6886-40d5-a5cd-e4af36042741,50.27862456144347,101.35711021054807,27.784779894357587
c0425b6a-badb-44fe-ada8-25a6f5dc140f,55.47095759235474,117.05547350244439,27.602535163003783
7ed5c90d-226b-407f-b6a1-b2174f04356a,41.5376768514259,109.6946563458895,31.48287772570381
1bda3c74-23ec-47eb-a508-4984899585ac,57.64775159730307,83.07286690018253,32.31592397633792
91c9d659-a434-4c34-ace6-3df683b0bb35,49.20996050710505,87.12900335365076,30.986461328156032
1ce3c757-a0c5-4c8f-be37-4269b309e2b8,47.8655946502629,120.59921635162323,31.556543367214424
a15b5486-5af4-4960-83b6-a54b5613290c,44.93947812369916,93.30449335786918,38.4997868728819
29a945f4-895c-4e0e-9a79-8d186e48fdb1,41.72571664067115,91.92703073516006,35.35771576117443
72068c2c-c9c5-48c7-8942-b38215b84e59,54.11585291980957,80.89754841301294,30.95317795632512
197d74df-c3dd-42c1-82e9-89582841f94e,50.36658983594202,108.47198131186923,34.70655290383742
b3a5f47b-6199-4672-a6cc-29cd0daa1996,43.55019550129473,141.2504983848629,24.837380482362303
42100bb5-765b-4a72-bf50-21bef880a1f8,43.52460613968192,78.64934171491454,31.989635249734043
e92a3231-3141-47fa-aca1-0406a6a46e19,48.32107650354936,100.48438913345517,39.04653174866555
c9e5591a-e943-426e-9f8b-530e998e8b28,58.34510762644696,128.24441110830858,28.90977052303813
9fc89d3a-177b-4d57-97bc-014c76d36c79,48.702043243181976,98.40717217508569,25.761830356904575
bfa0fd57-3d82-4641-b555-205673a8959d,42.48428523440947,109.04743592499467,26.7395555570347
b9067b38-f495-4cf2-9ea2-cb489737fd32,48.77128467957028,78.75212943706241,24.55183481328806
642553ac-7595-43f0-ba6e-979d7a7fe749,48.63638215126165,108.56614194415297,26.076190459361484
4b13381b-11ad-4878-bbb3-5562c01708f0,36.515566785292144,96.25711469990902,28.147459507049856
e6388021-677d-49b7-8761-203ec4068e41,49.72852566741094,119.71459991359725,22.97216490410679
2b7feaa9-ea1c-4d3d-a1b0-a9603e4d2994,48.84532734895661,123.74772103129501,30.078091669748016
eb182d64-322b-423e-9821-b5fbee6fed97,53.48103182406709,151.79127284037227,34.51138586893324
3f739cc7-495f-4b42-b690-0fb45b9c51b6,59.244780474726724,111.59266346427151,25.4612190992654
17e12809-9563-4209-949f-335074c7981c,55.632825147738785,106.51592633164333,37.59641961820884
cdd27b32-7ff5-442e-ab51-2631819e5dfb,48.65555654722585,103.88768603154672,32.55396044263797
2fd23dc0-b395-4061-9115-b9ccf389bdff,44.46737045629165,92.93667414378623,35.152902928120284
a4ea33b1-6950-4ef0-af21-6bfe04c9e87d,62.8667990162493,106.76967686923382,26.710827230739316
ce858612-dfac-4e93-8506-9cb124b8a01d,50.29609217007244,94.09197179721941,34.27262613533308
3296f704-1ce0-4ac0-8af3-d761cbdcf740,50.06964645956473,103.36921952539228,24.540330498023437
f826bbbf-9421-45ed-adcc-fcbb7ae77366,49.87937456444998,126.3519507121592,34.451237504182544
8f69d95e-6a51-4502-87c8-ccd394a95e86,50.99042380383928,79.86914869440717,30.859196698967658
41d785a9-e937-4bde-9ba0-a27d41139734,49.27819794038029,122.7975712225809,32.76625609992392
55f59881-c698-418b-8940-92a31bdc739d,47.13168996559882,126.34230134679731,24.12202697187574
7429c07c-02e2-453a-afbe-0a956ec319de,47.26570529379804,97.63862946017842,25.524650788616977
623cbd52-2454-41d3-8d1a-e838b586ae12,49.83623364892001,57.56290201982811,32.98614109126692
fea8e77b-afd6-423d-b18d-be0c86c67e91,47.282876144331176,87.84356025811135,25.258259978878996
f987220b-e134-4d8b-90a1-177da83cd5fd,46.43577108661418,125.93989093122218,32.316031460495616
93009d52-b1e4-48f2-98ce-83c3b53d5cef,50.53215113845948,99.54263875402236,23.16431096769877
b64a6acc-aeb4-407e-90cf-e3e89e6c9d31,48.72511391289572,80.01395535410178,34.240871063333344
f01500e7-ed2c-4db2-8d38-fc8933e5e7df,57.51996494291345,89.90450157543565,23.837383426157455
2234bf6c-6811-4b4d-90a4-e460dcd1a261,36.74515095803494,116.81240053009105,32.76149968839761
5d4a6627-0b67-4d75-a5ef-ad56f2f226e0,55.45753425961231,110.9346713640276,33.12815466823
bbcb8010-4775-461e-9889-b59d12b84e84,56.23042596248815,95.22135801660612,26.516140907852126
64fe66db-2f93-48b1-b518-f4794fdd1320,39.63304883795925,92.66351176370625,32.91013283542363
6725352e-7c8a-4db3-b4d7-f9afba10d6f2,48.28656202959826,92.16483701912357,31.30221131666778
41fa5c7a-1b8c-4454-9338-9246e69529d8,48.142795670021044,81.55179631002994,27.30579071903631
6a214a87-305f-4288-a8b6-91bcbd808f84,42.96244152641089,132.30751378938885,24.95722657961896
e548f907-a9c8-4aa5-888b-ef7031df43c4,46.110916562045624,93.5535906157732,20.186871541637103
9703a6c5-65ca-4308-9a36-cca7f58389ac,44.44712077267086,124.34317041650993,31.748250236498468
509f58cb-61ea-40fb-aefd-eb9ecf8eb31e,58.761352217118116,130.42632103844903,22.175986143189725
1cdb759d-3602-4c14-9de7-c7fe319727f1,54.678391965737305,119.9662179629592,30.47672099720654
cdd8f216-cd53-4124-ad04-0be9db6bab08,56.35777547497079,91.36759374563903,28.682758919588753
33719458-3e06-4bcb-99b5-b6bccb23f950,53.60836032021618,108.07460180673219,33.39571387719098
619b9093-8d64-49b0-8e5b-d13955df695b,44.354741143913856,99.51608787218167,28.48977250255068
22319578-2a2f-4bda-b45f-63eefd15f214,47.37739866860113,81.92596278539745,28.35276106826454
8817aa68-4221-4469-b4a2-b4dceed7d95b,52.44687280613959,106.48718563443207,33.659353521441474
f3487c20-57b0-4987-93c5-099f7766be36,43.88936095554027,76.41920417680396,31.675290145420586
fc176c64-cb8a-4c2d-acf6-c161b9db87d1,53.56499215086194,123.75358776923127,31.58077978591389
c77fa200-b143-4fbd-93e6-30c336699b38,48.79837300920933,90.70765405403213,32.346337949042635
8d997a99-5cb7-48c6-a695-1f5e6de5d0f3,48.12589596225201,104.02319311745678,22.32213938396447
43df0406-15bf-425e-89be-48c83e1a9d39,53.554799841017456,105.66575743092284,33.78394339993491
4e6c55c2-c6c5-4804-8492-98dd1ff657fc,52.2213165574302,94.82190052591845,33.062343970068014
054c90d9-ea15-405e-bc0c-8fc07155d6a1,48.1951691709046,111.7338760295055,24.916584357117515
c36704fb-1789-4c6b-9b50-afe17ba01025,55.79664901682124,90.50192686754951,28.779597631628995
ad35bcd3-9c41-4c73-aab2-d1ea261ebf91,44.59468336200051,117.42594594914488,29.803463561861843
525d6c9f-3dcb-4815-81b5-eccc5c7887a8,53.07967803472132,73.08040639506503,29.327516077991337
bacfb3c5-9ea5-40d6-9ae0-29c6b5eb3193,52.96550628984192,102.52759159092824,31.669299832842672
cb2da85a-7adb-4cd2-952e-6ecd97c23a4a,48.45226780343005,138.7785799811657,37.15683390915592
4d15f2be-6bee-49ff-905f-73b41393c054,51.63066511121059,79.9933735078885,35.40883363836414
9dd5691b-6fe2-46c0-8dbe-bf0d3f2a3a95,43.74443211807348,86.44510058950297,23.43890403284297
a6ac3f35-f5a0-4f43-a693-f1218f86927c,54.6201350960345,110.2781569931783,33.110349951530246
20a03fd9-a93f-48ac-8b50-77debef37e8e,49.075489317785056,103.59163563879196,36.644666597677045
be726c53-1bef-43f1-ad8b-25c3579b8c45,47.3863848974048,107.01260198547118,31.934042603446013
7c1d16ff-b1d8-46c8-bb20-6d2ad8d4e0da,55.245046129184445,109.78374260295327,35.454902125929834
f48955bc-6f4f-4c1e-b424-caa229149ea6,46.4782815472862,112.6944293712354,40.06135222850382
5f6b4606-42a0-4d39-a996-4a2415d27663,42.957693518182204,122.19399683912447,35.11854773053491
78718fb9-9235-4d49-99c3-4c0c61be71ad,42.21685413238048,108.19637313857025,31.246542978208645
84f84ca1-81f8-4903-8192-96aef2f9c9fb,53.0300497567282,95.17484690762915,35.225442370423764
f76aee17-a27d-447a-bc69-631f3d7fa461,43.597853237518585,113.45147402405462,30.724439165484455
ff24210f-5728-4a22-b6d0-69a71bf7aa53,58.77397090992182,137.9976386979043,30.119515216424777
a443564b-70ff-4818-a069-dc2ca94391d0,39.59035296058139,97.34732507234853,28.242928821431338
ce8a69d8-02cb-4388-9bd1-cbe02669ac8d,58.48228184145019,80.50941390658717,37.81706679416054
b0f0d4ab-3662-45cd-a2f1-b64ffb45647d,51.055087336013095,122.14161338573945,25.907856670289995
dc9de691-3628-4bff-8ed5-7077e446ad36,49.51643444064804,97.59237672092803,37.66183862339058
6ece5cb9-23c2-49d5-8df7-9f148110e6f7,47.27540456595525,56.546609079719275,32.49932061870186
803fdae2-a418-49f8-bf1a-56c2ff3e4be1,51.99568057176035,116.94843354300843,23.003469125990293
cbac9abf-e4f4-4956-9255-20c566417ba3,49.811826487875756,89.29343628092154,31.83824646495711
3838e6ff-8a82-437c-809d-c8ceca82f244,55.516509410082605,98.18933435391679,19.49986746174188
035382c3-53a6-4337-b560-4f987ecbbc8c,50.5711382433102,106.63960661138029,33.12754008415518
af1018b8-a2ac-43f1-8969-0f8cf500e643,50.751508807309385,103.80999359558133,34.42615741494495
8bcad2ed-7ac4-4e27-ae13-8c764a4a6172,48.18193893893072,114.1890363427808,27.03822022173973
32195563-c268-4872-ad0f-c2b1798a929b,49.71527188139466,91.29027258860313,30.617738479777913
8b27862c-f761-46f5-8341-db7b4ed60b96,51.5390088444603,110.26211596352165,39.77078716875143
c3c84ae8-5ccf-491e-9ed5-da9f2e0c8336,41.449158036716874,94.80906644832166,27.471266478690318
51c14236-250e-44ed-85ee-e2a4cd1aa586,43.25907288947143,114.77620961775006,24.705462064716997
292e093b-9820-48e9-9952-529fec842dc2,53.71632047011357,112.30734968026107,37.40831701231299
3de0ab41-488e-4dbe-b673-e88d40e4c10a,50.85432719063971,81.29122595910809,39.81293595265397
ba848f91-43f7-4c37-8972-e396afe8a454,49.0800833182366,121.71964232350064,30.018478359239236
1b882a78-ed81-4c7b-9890-3e58ba2dc950,50.09216966532696,89.28073109771904,35.05731517704178
1364f063-9f00-4e02-978b-03811d332d70,51.737908526808354,116.1611559656229,36.70737957765441
b7c1a1e1-8a40-43d9-94c8-60622d7576a5,47.30120159845319,107.34574626802682,26.28757883730808
b7076e11-4d16-467a-98d6-b312dfd00a48,46.108476372988434,136.76367353590246,27.57347082316066
c57c621c-bd38-473b-8a7b-9a2af00827d8,50.97922627548841,95.53068035256295,36.15437256577368
9bd3c4a6-d337-4082-92d4-c243d958501d,45.10813611192484,93.01366407763605,38.425071393542545
47c8f2f9-9b2c-4a05-850f-d0f6969800bb,52.04126377857236,99.61160788224535,32.81440430087177
21e50dc4-5161-4940-a992-d78a33a52eac,41.4870819788108,93.93640434331449,25.60092823248973
af898e7f-6fab-495b-8218-9dfe9ba89e68,55.14577818662822,115.998838038841,39.935305558497205
b2560500-cfa1-46f7-b8ff-f67782748a7c,52.362987412065216,67.67378783126824,27.345145510940178
4338d441-bde4-40c5-a945-8c029b8390d3,51.28014867156938,78.92635161707292,28.32431109414274
fad69aac-0539-48e3-a2c9-00d758094a6d,54.91345491972757,78.64394156841614,31.711689172448107
73d833a4-9f6e-4fa6-b600-a421165d3c8a,58.32737222231288,119.00615183947151,37.77080210357387
a28ee1aa-5af1-4e31-8d24-1081e9c37b9c,55.07185032509065,134.2122674516385,34.26987988276112
c1089ef2-53e5-4ffc-9bcd-936947ab881c,40.795628843341774,97.91101562925057,32.07432750180955
64b1c366-bf39-4ae7-b944-86aeb812bd63,43.60211516632149,96.62356553619979,32.31644265059053
44bd54cf-be97-4fdb-9a74-94cef5a2af97,46.875907111521606,101.40104326226363,30.21757334321733
3e888e09-3b07-45bd-b30a-31e841114d56,50.130455251054165,123.23756605216381,32.790697572592535
21b8171b-b3ed-40d6-af7a-5cc0b2092ec1,52.58829510234561,81.45293731618852,17.352199611528484
d5b74af3-ed24-4d5f-b6bf-f158fd806b67,46.37128093423267,104.7673796546957,28.516962704651007
a2b0b9c7-17b2-461c-8421-3ff2ed457bb6,50.93383382238539,119.5039525956486,31.206609674583905
502e2f61-c2a3-4377-8609-0a1f5093d7f3,46.22308533823339,110.0218833987969,24.244929581902465
fbebced3-1aef-43ee-a834-730d40e200bc,46.94241098504026,103.79163233197487,31.9316165890578
813e11c8-68c1-4b15-99f2-f62262f02f3e,42.96669451575889,120.02092185134282,28.97764389506939
9facf81a-64b8-4ea2-80b9-30d7f59869da,45.38383376944548,45.93535414001526,38.77737849157745
c6645733-ae8d-4397-924d-2e98df2fcccb,43.241576971918334,113.55750639061816,37.865098626074285
80c60955-0c4c-4579-9e7e-d9491d0a961f,45.12063373511334,86.91848633745153,27.670972154409185
096aa984-948e-460b-8ae7-de72c8e4d979,55.2682089830392,63.387342062870864,29.245811442166524
472bc25b-9791-4424-91c2-7978034f6d8f,45.25300555584028,110.22405199049962,29.630262171958037
e42f6c21-5936-4ed5-a744-b54626a99901,63.161910324186955,127.47317090325916,27.741702619201888
0cff288c-d64b-41fa-bf41-9d7c608f4301,52.466589504404446,97.25102970744616,30.975124920140633
905fd4f8-cc3f-4462-83c0-30cb82f331fe,50.92418061847437,119.05749094405877,26.20858965556205
ef90d6da-1de7-4394-9238-bc49f398626c,45.70821109909393,132.24556515977292,24.346923325312368
22c66f90-71dd-4b91-b9a5-5f91237969fd,53.501549397044954,126.29828907168095,33.11355611950134
41bb89ae-2431-4778-9b4a-32d398e89441,47.12181086881113,132.79929058742786,33.147647921109055
8c52b02e-d7a0-441e-8add-4f9e11a579f3,50.610049073226804,114.84254982143784,25.978421201700037
1d970003-c4cc-4456-a1f0-caa1343f725c,62.800422691343975,101.50867277803185,34.476777153812996
64a15aa8-06a4-4226-833c-fd7ac5841a57,49.519700501376754,67.96068376205663,26.842111354173344
4003e80b-3042-41f2-9fa3-867ac766ce18,55.74636663142838,95.07875023740102,31.265826190189905
fb75e1ec-bbd6-46d1-9c6d-6e311904220d,46.48411787437056,83.13506809367617,34.10172006306228
6d583afc-7103-4653-9ece-ad46bcb81555,49.82505754751519,143.4188543499563,29.831937176481436
665d42a9-976f-4db4-966d-31e692ff324a,58.85400317817755,96.48228375135326,32.273704560705674
4fe6bd3f-ebae-4796-bbe1-8849f3a1d06a,46.86516471106116,102.46409613568972,27.417851780562142
f4051132-45ed-44dc-bb37-04b344c5267a,59.062242789984644,111.02970752080935,29.017667082859514
1905022f-b6d3-4872-8d44-af2a88893498,53.538759677277376,100.87204892744907,28.970702845598296
f3a1561f-9416-4fc4-a582-75ec3016b87f,47.18766612052866,133.90102080861504,26.267108267298806
1591a512-f99d-4111-9ae9-36870fbb3374,53.1620386952776,87.54701276531097,29.11612918442109
ed870718-9018-476b-8610-b8413b358b25,54.86277224813365,103.89214910474486,22.256908505681267
3a60c443-0675-4018-99df-c5414b05320a,53.10904981108598,85.15058828603904,27.544231264289476
cb3c1feb-48e9-4255-8cc7-42b48e6a1a99,42.14887640054772,73.59954977558588,28.575622533151645
0ba4a644-8f86-4252-a4c3-d964c77992f9,46.364314120875655,87.76461818189429,28.7191012375231
c694ab8a-8d03-4365-80e9-64737b0e44bb,48.762406822242475,99.25926405903176,28.792512770646105
a6ff125d-bc26-45d0-8d15-c3bf51ce9c4d,49.62783285449977,91.4139555096548,29.691179000699357
c4aaa7dd-de83-4851-b897-136dad7912f4,53.10336048775339,86.15158040252288,32.39720759043032
eafaa8b2-c5cd-4aca-8f65-85fea9d16fd1,50.88850500466627,71.87365072656333,34.37258537066261
93515d4e-325e-4806-ae6b-6fa0e6d4106c,43.323278206449494,98.3378885474261,26.751173865758666
252acaa4-2ba1-43eb-8c72-09b88f18c655,51.90098925502981,69.90559251937995,23.983995723054278
92032bdc-1903-40ac-ae05-9203b057292c,53.05292872641912,115.20111927379205,24.789777938784486
649d2c63-0718-4b6e-bdfc-f6c7a8f562f9,52.7989522396552,101.64879505869007,27.563985394025366
a2320ea5-3736-48e1-97b7-c9807a2f55bd,55.40390362777311,70.8489700107014,28.240393410917456
04ca994c-9a61-4214-9180-bc6d4756f3a4,54.16961077274452,93.81581845900273,26.150019669012714
de119d2a-3bf4-4536-9ac0-b54de009541c,52.29590039614219,84.95687188818833,23.519416678750527
2ffd0016-9857-4592-9bae-c93138d9172e,49.649171442706766,106.3834902083836,27.71939586262906
861ebd86-4658-4b6a-9b23-a5d91ebf01e8,41.69519533242004,126.80900892046289,30.907133100569858
a4ecca68-9c71-4d80-892c-a5fdad0f08b7,52.14809109566293,62.49655060708511,32.97514732917782
3be7ec43-db3a-411c-92b4-2939d2e0d8ca,51.03843843581556,102.30052158294835,27.212884734458395
9441ea45-5bdc-4e74-998b-3eefd48af103,51.35789418597687,96.79734408866719,27.93501088928283
06636d89-56ae-4864-b7d8-13983bf4f196,43.61625712089845,113.42680152900931,25.366508455763444
d6033771-274a-4502-8a65-fc77517df4cc,44.59471729795869,104.26393256475379,29.842804148126117
652ac237-f1ce-42f9-8af2-18335de2a96c,55.26576426666452,84.96061336522362,25.757856829045927
2896b5b6-58cd-47c7-92bc-443ea5a829fc,49.802224230716725,93.61892128666764,32.865639066206
8a5d8d1f-392f-48c3-b383-be7a6d36f8e8,53.40750348686312,84.07948286393022,21.070667540329445
a7098246-55d8-4711-b826-e72449fa8810,50.14159188065231,121.52014277197196,28.20185163773769
7fc26614-5c38-4671-93fc-98510a13a3df,50.14878069747873,100.42623297343884,31.50553669595871
c36e6eba-a218-4a98-a030-ae5b51d95f2c,54.69141902987999,138.02381371506016,70.91917258161253
31bb0c1a-2f06-4def-a3bf-7b81a8a67834,47.41977635891313,98.78678372370759,83.46516831990249
537b8ed0-d84e-4c6b-b5b4-09b2818d10d3,50.48060388470492,85.83186466179075,71.74900012283953
90e4552d-5170-4569-849b-f7ab4fe8cc73,47.68862355647479,69.72571214774345,64.97972701578995
cdfb1cb5-7cfb-4ca6-bb46-171a15f03767,47.827518862838424,63.9372064748811,69.52267876455464
cca5860a-0288-4693-8055-2f1af860ea21,48.454139382656805,68.31728113989021,61.11876833266774
3d42f03a-ef73-4716-9856-0bb388b6c77b,51.110668858168566,105.34253302022967,69.5970012535162
744fbddd-b57a-4817-98bd-a64b75b45e26,47.60625689168261,110.17450046459868,65.83471971499621
bb6ccf01-ad56-485c-ab01-53dd44c69408,56.278780627867604,68.37618595935733,74.57695137780081
d67c8ef1-7735-47fa-95a5-0441536991c1,45.52696348890248,117.90076628152231,67.25229862702233
7a654b9c-9ff5-41a6-bc2f-7f712b226398,49.06564177919321,90.3387789663312,69.41617042102376
4e8d795a-1f25-4241-b7e6-09cc83d75705,47.801344708629124,102.93586023971099,66.82221079297798
2a0bb28f-2f69-4e29-8be7-cdd4a53fef3f,57.23488942176866,132.2444125651085,78.69425675926665
2284cd35-3bae-4f4a-926a-79c033a7bda1,50.98277388255787,117.93678631731063,68.39378616941045
fbbdffdd-7077-45f9-becf-37dc9f99dc44,55.159222697343175,94.62938704188335,79.162785217396
f250eacb-27ee-4b2b-9290-844067e5ce34,42.57219813481514,82.17615549169426,74.07075881059133
cad7cd30-9fb4-4e7b-b10f-87ba81d6e07d,51.33525132934629,56.9636919734139,72.41033363667692
580583ab-bc47-40a3-85b0-8d590c517328,54.44815397811718,85.6169336151516,71.8436657365876
d3ce2c30-4d41-47c4-a17e-510388389251,50.41141994637712,95.7773952234461,71.96898649108125
31dc2438-1742-4fd7-9632-d944c9d0f517,55.32740187532676,80.25640945697631,60.361637103271946
484fe84b-af3f-4bb3-ade8-fedf95e6c16f,47.41355774949814,97.3748606581539,68.60558302924622
67ff9d2f-f0dd-4c75-8a57-b8bb9e50a0fe,57.0467372009279,101.53703765917537,74.2257898559216
cb31b4a4-3712-4193-b44d-21571e493cdc,61.49449061809625,95.50288036383843,69.75551408262947
c0aa9935-c520-4613-8981-874fc396617a,48.18580719780171,86.9999483835308,62.97405076598213
1657f139-024f-481d-a0d8-a5f416888cf2,47.77248739299614,103.37309343933455,69.73797774711265
675cd640-05ce-4a4f-b111-22a6d7af400c,57.2669223855885,108.83881299138818,78.52052758127746
5895407d-92ad-4220-b788-162d063eafee,57.89786072865356,78.19201845114307,76.23445857767359
80fe20b7-2346-4f04-b538-192bc1af954f,47.38569986423366,128.21864759492541,69.68997995316984
cc7363b1-ecc7-4b3c-bad7-817c4525bb08,47.89906591452071,98.02823735431477,74.75724638529043
0d7b3a8d-f6ff-4acb-a13e-b3a296fab38e,48.59107695569747,100.37699245889695,68.16746489815974
251cc295-7541-4da7-87d0-c816d4527010,43.27774744482861,114.16428846513114,61.480642065866405
d9a53145-c0e1-4f89-a06b-e97d12f390ea,45.40674026757901,104.66432262527003,65.37767005935223
7e3be197-9a93-4e0b-a4ea-30e8c2b1c1f5,44.97929616623966,119.0627326782649,77.81444384254098
597abcec-ea40-414b-b6d9-5005949d2523,46.16101217447936,105.74248330403648,68.63003459085348
2d32ec52-ed9e-4594-8238-202887546956,49.82657556306609,87.75125250719124,68.78308010312492
ee6683ff-16bc-43b4-b2b4-260577380029,51.1710736626826,107.23007050412204,68.5008090186256
08adf098-2096-46d9-8960-df0c6d49ca32,57.75250246407038,77.12547585358676,79.52068294786504
2670b2ad-3f2f-41b4-9665-5b148f0ea83a,45.00822979630605,102.17119411553047,78.12979457681031
6ab237c8-7d5e-4537-b642-b0a0c1fac778,54.92161199238292,99.33540018711078,81.09390116724067
d3baeca9-2a9a-443e-9e99-4c954bb421b3,48.93005577887246,95.83766285454921,69.20477394799974
dddbe2a1-71cb-4fd7-baa1-0eb1f2ac621e,49.752681451737836,97.42924977122138,71.47812244373547
274ba135-1d89-469f-8e81-eae68230911a,53.37409746083302,62.36301909004722,62.41678725289604
fa798ce3-95df-4a38-b889-9ef1b21f033e,44.386389892188504,89.02550184518077,77.38467213059137
6ec93333-54ee-4933-b54f-93a3f6a63a19,51.912048730920255,101.85689802282229,64.16110224366032
70aa0d72-c8c5-4bee-be30-96d66c73713b,50.83226104106528,103.19712783994801,71.08387781881315
408d1b57-40cf-4cb6-993a-8453b3fe0ed0,52.462256320040744,79.44649718148084,64.51348736183579
b66bcd01-e4e8-4d7e-9a83-38b8de65f429,51.44584321953909,125.31415681729402,67.05566586630653
ce0a817b-a600-4d0b-9308-7f9303246bec,62.276500699554475,82.67650303570998,65.8136878447515
3ee3ae42-e3bf-4153-94df-4add4289c45c,46.81130007874342,119.38914401053474,66.96062369662091
2bab63b5-3475-4e4c-b1e0-be88e1d41ba1,47.34501522499091,108.5438872374337,67.3043864842551
02fd5638-67e3-46d2-992e-48b2ece77768,46.88429736787618,87.07545380312393,67.25865602537462
6a30bf89-df04-4971-aa21-0323aa19a02b,47.22261440419873,135.50621785219025,74.16666955890153
637fa26f-27fc-4ebf-9d37-cc0c21b20cbb,46.81306436346741,76.1272633648704,64.4756860346874
9670dbb7-6d27-4a6d-8182-f3080a16f9ec,55.94508265553776,118.38308347220003,71.10270713506934
8ec0888e-b5e9-4974-a808-081651ce9ea2,57.102521239949276,120.01164636085957,76.0897957615278
e88bca21-4175-4c61-849f-baf168416c71,47.146268531252616,86.58759581846711,67.43401817743302
9b7dca7b-6395-446f-9fb8-79dd8c0cfdf4,45.838222134478855,127.84930600128658,66.41040554626198
616c18f7-865e-470a-8e34-8c05ad57213a,52.35707778193202,94.99906970802094,68.84737687409874
e7a15513-8390-415f-9c87-76e09ffd6f84,47.23888477859514,105.77387258559715,75.89862604180355
ddddac9f-876b-463a-b2a7-a9104a68c36c,53.164659088777555,105.20643677542441,70.97053815476679
c8ad8bd2-f242-495f-be69-d34d4ce54d8a,51.0146151042565,97.31382517058904,67.343928526962
9d386b68-b3f0-4038-a097-970af0c88355,42.42127942501384,116.21616546319564,72.4193832559402
7009d3ca-f016-44c9-93b5-bdeecdf55679,57.737526006650306,115.86977441104426,64.48853925081788
701037c6-98a3-47a1-b4d5-de0bc5720a33,58.97938836547761,65.02936053523638,73.40679755221474
af8f1991-bc3f-41e5-90fc-eaa5fa63bc2e,46.93605654757807,126.08680485756305,72.04303653850884
857ff55b-3e68-4ab4-af68-4887e3d6ca62,48.06149220032008,66.75016023928652,68.46095764430558
88f828bd-575b-4733-8f0c-15d7e99bd0f7,51.429326953624525,120.65092408683314,65.80707100776385
470b09ab-4bf1-47eb-a27b-4df622258992,51.67228394993513,122.53410273655166,65.56659538858271
8479d4f9-61a5-44dc-a665-7dc37c380006,53.29272136336415,78.18067139569604,72.67408668172955
88c30ea1-9710-4cb6-8c97-6e601366733f,60.05102269383175,91.78371424090831,76.14490251244531
8ace552a-b9ea-4f8d-938c-edb7fed3118f,49.11526386252975,77.88590663028128,66.81346126485603
59fa88e5-5a20-4acb-b014-45466f0422d3,46.00851377730773,95.70157939422529,72.29193351775743
c834ff44-2504-4bd5-9c67-beeffe008604,43.10340385992736,93.83931431628517,59.564864906989655
1fdc363b-fa52-45af-9513-f8b6625b954d,46.34534980029041,115.59321064538679,67.076911346714
54ec2a11-9205-4ce4-8458-f36fd8f2f039,49.83436513563102,126.20617492239217,69.84470533564549
00f636c6-1f6e-4fe3-90f0-21951137e568,58.97278931758894,127.91367621579911,65.45158291509082
2a7072d9-23c6-4b8c-b24e-d70bcdc042ad,47.41194350481914,88.75663946843396,65.31746812605202
1ad22ff7-e7fd-4a2a-b264-27facbf0414c,51.11893975819449,95.81556252510944,66.66110221765557
b56b05a5-bfd1-44ce-8fb1-9cf9e8ea6972,49.917885519636236,66.331236155581,71.46096364163186
808875e4-742a-46da-8687-c78f7383e748,55.94196636724042,83.88259867007622,69.06335490796813
1fb075a2-0366-479a-a257-280978142de2,62.63466212936811,119.29703266194915,58.808843833375136
eae5e873-e639-41ba-84c1-0a1299a99bcd,47.3456561353984,132.31165647096464,59.39649923682467
fabfdd99-76ee-40e1-b0fd-bd0745c1fbe5,47.552802787408886,75.31302256240156,66.96567411071412
9aa49438-4b63-425d-bc67-1df3a8026777,55.22080438534536,88.15071481694211,72.28843293026776
7a65124f-76bf-4a26-896e-ed6a83d7bf71,53.409457448131555,99.47188486082146,56.26247578637383
d080db7d-02c3-40bc-9606-a79aed4d8fc9,59.23353662868017,105.60322317639213,67.50134911924185
3bb6480c-4685-4113-b34c-c2dd970b9a3c,52.91964092662982,83.80792960156708,67.3687607174129
0a3d345e-d49e-4e15-be84-19f8d7f7a2e4,48.203539546064704,108.48122088928179,76.94168889104223
64ed9d49-1521-4321-900c-b455257955a3,52.95327415346155,90.52321305858167,68.07489094143568
441b6dc3-f073-48d2-9c15-ed263ae8081f,55.54351790291454,99.71095458243441,71.91494492370464
006405aa-b7b3-40d0-8319-c605e564a31f,54.10241090598682,110.925684960074,70.70628570043732
0a923dd3-9abe-403b-9d84-e3941ffdfb7d,52.53637015553649,100.12844539621875,59.347167600964
1f0e4154-4cab-48cb-85f6-60f15f62f299,55.33337344794577,91.27228218946863,73.84103608315868
01a8a714-eb72-4e23-a89e-ec04b780888f,55.84647795222836,97.80780392148338,71.07698252728144
8eb20d5c-2ed2-43ac-83a8-0aa2eef884ea,56.91079495518763,98.2327408158933,72.54134319837294
95b6a748-4857-4bb5-8015-6f63707f3d82,53.24354943794821,92.59977940235744,89.63118853218162
78cba5bd-6828-4915-81ec-2f687d2bea34,49.16440959841573,94.82407874665795,59.57943530250706
a32ccde2-0f6e-4ee0-a1c8-344aab447377,50.733568432166614,131.97294341009433,78.62348324880554
d95e26ae-12aa-43f4-8a2f-cec95acfa21c,56.03254483254179,111.21838895882478,68.56276240299822
df6d54c3-1475-4f75-8354-626dbd511cdb,45.91532164506382,94.09039363941679,71.43664452201504
fe658b34-570a-4fb9-bc84-e136d9b80bd8,51.84336654436451,113.93908809021471,69.77243877349379
a4ba67fb-b39e-47f0-b93a-811a3d2798e1,48.0333059383632,93.3236102048798,67.87881833300978
d8f141a7-4232-4ec4-8715-cdf12f541235,50.143724114674086,123.46249275173282,67.1508353588062
21e44a1e-8329-402d-b07c-3474fd3f1c90,56.39225931303649,107.39284384396188,71.64754367786504
5d81b8df-f85f-4cba-9aca-25d36d9ff1ff,50.95549534009952,97.85395711991542,62.4141315166416
24a2f8eb-0795-491c-bfde-5799a74cdedf,50.23218274078074,108.95433851620555,73.75289583760883
055d25cf-f2f4-4313-8f87-e73fe4903fe8,43.200719295100406,68.58247695863001,67.91902797557373
75b67f67-7baf-43b9-801d-d37e3dcd2106,53.731267830136105,77.4646506218039,64.34965330479821
61f2390b-1cd8-4f81-b1dd-b43ba34ea6da,53.22742090570538,76.12149987201889,67.74993571002094
6a2e024c-fd8a-40f4-8d33-1d9821960581,60.8162736165273,102.85886189527413,76.28574608431286
91d26e30-9379-477d-b278-4013eff99612,48.461108825234994,134.65029998970184,67.32332456491889
10434229-ce0f-4aa8-92dc-40f555ed64e4,51.0957516383197,144.62600292385264,71.7922680910481
4922c1d7-401a-491c-9b77-cd9cf4264e89,51.246918418553776,112.76102202881515,66.34521862142263
90f12196-7f14-479f-859c-da52e3047a2f,57.887266398817374,110.01688949888914,73.7896092496181
260199aa-1044-4aeb-a083-f0c206f42edf,49.52352233806524,63.97884531694522,73.42753869395102
5360a0d3-594a-4179-8e17-684d50e6544d,51.3951076288517,89.14652400531956,79.24304416648206
e951beaa-4492-462c-b0db-6ca5e79ab61f,53.0394825485827,84.24432496183522,69.12218027250393
d8194208-c7f7-4850-9358-c92b869aeeec,50.93304561578179,87.58304803497768,73.34327402378953
f9e7d62f-783a-481b-ac87-0c1719ed2833,47.76783192724736,96.63712362830421,70.49033769769473
545b01d9-dcee-4c7a-852d-31808ca35cf8,50.970449964491536,90.55818844605746,76.47935890931507
f6e8bc2a-cef3-44bb-87ff-534e1d4f9d6d,55.36815874929886,60.414003792484245,66.40583806195635
f9d4ed1f-0a84-4642-ad6f-c0a37b981c69,44.867423502944696,114.95820512235068,73.72502656438641
13d6ad17-9aa3-4af9-9307-e826e28823c5,50.66484837073438,78.54513948520386,69.0265135194166
12bf5375-9e81-4d3c-a790-d3bfd82f8761,46.499395925304135,104.78493728222298,69.67905911445752
ac02df6d-9eb4-4c6e-85a9-5f8345186e7f,55.97523314462421,141.48165339499946,70.45876242224186
38c90b40-362d-42b5-84b5-c3c280a62985,42.384065476081126,81.61230816827154,71.26120198213339
a034408b-ce08-44a4-b090-763561dcda86,47.20539076364206,49.39424954507341,69.4188547843902
8db273fa-48f6-4856-85e4-d0e7cbe6c4eb,51.8860593753226,94.27991556239779,71.07356591585263
2715dffc-d75f-46f7-b016-07346475f500,57.827620146171704,122.01919269997143,77.89059028781092
97b12892-fd61-406d-a896-ad0e78fb4723,49.67124869463506,139.16694908441187,74.9272484280761
5c82782d-9cb2-474d-acd6-acc50896b685,47.22400236653401,75.40900811095166,74.34577296248449
0ef25aca-27e6-4c08-bf38-5e5c2b15e477,59.40578534720295,109.93398446473043,67.72230236988065
174e907b-df25-4a24-bd59-4b77d6b33066,42.75993049791878,90.69379086439893,65.55379585885838
b4f01713-4c49-4f80-9f61-e0be13327530,39.00597021689959,97.88103291391728,74.77650279118876
6ab368f8-d5c8-4c09-9cdf-30874e35015a,52.200072250266665,152.8868669403407,74.38023396264897
efcdfe80-0bfb-4cba-9381-812be0e7a4c1,47.489728878236946,69.94059343209693,77.36335337875491
ec58485d-dac3-4e39-b7e2-07b4da440a6c,44.89383591434643,105.07479322989147,66.98009687015386
f271b732-50e1-4b72-ad52-5f56ee2148c0,53.541782236496765,109.35386343530867,68.85225672319827
2d760f14-2b26-453d-8683-7dd5bfd4cdcc,51.219003568855996,121.71572649878695,61.80257918737283
dacc3bef-27ae-4d3a-8151-aa31d5ad3812,47.17960684631636,101.95966306941791,68.03764446969564
b6808f76-c9e3-4b4b-8ecd-36628f00ecbf,43.59847800664553,106.16101079008205,74.98285255289724
8b4adb30-5a73-4457-939d-08f8f3163482,54.36228664140072,92.16702865156418,67.66752310385901
05cfd84b-8a0a-4c60-8ee2-90f27ef5f8e0,53.251005889793305,105.38253882490214,73.20239897600412
bd9570f0-4ae5-488f-bc3d-4298cdbe2496,49.50412068110309,93.1361544900518,69.04748447001094
db680d8d-b0e1-475d-89c3-e40834952011,59.23318498023833,112.43143779712102,71.6202851411078
a5451647-e750-43e6-88ad-c175e7b6e13a,44.64957616836924,92.60779327912732,64.26154305092166
cd62c3a7-7701-446c-90fb-8df7d1412561,42.372374145376305,107.54200787804373,70.42604724816951
df8f5478-415b-4838-805d-8f0b527c8996,46.540459650593775,99.41474372630043,55.044320145496386
99651124-d10a-4c96-ad2a-995f7b7d9265,49.77206991822251,122.52100501544336,69.06551920919007
38f58a92-2926-4bdf-b490-4cab265156af,51.21669724661346,98.97212552823028,61.8476337814243
59a6f337-760d-47c5-97ee-76254e78e603,48.79381971071835,64.53935063586238,76.02997258273408
0841d30f-8080-4e2e-bb40-1444ee3a3541,51.76027698257148,125.23843001427983,73.88703676382255
6429d4e6-47a4-4d8c-9534-9917c0776b73,43.74230287904778,81.88535398274762,72.3333549098304
d5523845-ec60-421a-92b0-b9be5d6628ce,57.2188230203663,86.9246732270236,77.6050311357969
86a5e422-8bb3-4307-a1cb-cdbaec7032f2,49.58924410803716,88.08677411913015,65.25541739587581
bdebedd8-ed83-4b22-a174-0735d81560d9,55.58647915794064,127.48876186341634,78.73681598957779
23f9ec4f-cac7-4390-843c-afe867aee8f1,51.71362673188852,57.28651572042609,74.66095782130192
9a42d029-a83d-4398-9a58-667abd8a3942,52.28376609576892,162.75497067319986,68.81722356390527
7cba294a-1de4-452b-8c3f-c124fd8d8798,52.84883640116102,121.12113618132103,75.67810073591473
ee9b25b4-8709-4e9a-8c8f-98b14cc10502,52.23854280008658,104.4647782825832,64.46853243794183
968b8966-25f3-4c3e-98e8-8311243d6541,53.21361379933772,98.90211998767427,65.87742919236163
14e2d51f-2c34-43aa-9188-acde5d2c3724,56.64576265066216,105.71108149715315,66.9570513838015
5c9595c5-1af1-404a-8061-c34d4199fa12,50.98260584850735,110.42244856758677,67.35511145967992
6b1a1a6f-3da3-4a17-95d1-c03e46f01c50,53.54501878794256,112.90431171900114,64.71721178619873
fb8e16a7-d84c-4074-8b8c-2675a59a13d1,49.55132152856387,111.11208932006897,76.11541533547663
bd069744-79af-4b2b-bf25-3fa5b30f741b,57.200586077247365,101.79161362510497,68.70572799815085
1db66d79-b41d-4e02-a404-917a4bf89897,46.61803848970365,96.05323159385348,71.7625248417844
1cce8994-8f3d-45fe-825c-44b9701e6fd0,59.004702164554075,96.97453432692977,67.1482431679316
cf5dc8f3-c9f5-4902-8768-1b81ec1b2cdb,49.79921024677828,96.10183439294639,60.896983497257416
478ac65d-01fa-4162-be55-061fd29c9dcb,42.84612448940976,122.67540193734129,71.35028679195712
75885def-1a5b-4f25-893b-baaf3bbfb564,50.64052207455395,111.87113444561723,60.43872512290112
6e2aeeb3-d64c-4b56-9c1f-f49563457408,46.5947417126256,41.19222730671439,69.65682976957265
9430caa2-4c90-49ad-a4e7-5f599f8920df,54.20321774494362,113.11801553059522,63.15842480583595
bb645935-cb9c-4105-9ee0-46a019341584,46.73688010348805,103.8947238943755,79.93637999615405
d36501e0-b91c-46e8-a54a-afb54278accd,47.7690828339261,99.62582487108205,74.5568136108736
f33ae1dc-8cc5-4bc9-90ff-23a04f1c6295,40.552296345272346,92.22963093822229,70.5287689563574
979871a4-f3c2-4113-85f4-57027d57f145,47.73846840375462,122.48225439972026,76.31853338827334
44f7df95-088b-45da-837a-c2319f3fb1e9,37.88060336685522,118.95052924245715,65.76842011267132
63b66e85-d764-4d87-80c2-7f382d4a5788,42.08048588257138,84.54244664352782,72.71739689335047
c0d244bf-5b7c-4e72-a9d8-74030629a373,53.80207328072149,108.1410457424907,70.99905216859356
49368e47-051d-45cb-b4da-9f246a3133ff,53.92900079325416,80.56686530917428,71.32010040666835
430b761e-2bf3-4c9a-b7e4-aea4a85bd30e,52.12728780892483,72.40763670422139,76.36176750053384
a8aa7349-889f-4879-ab13-de7f338d6f62,45.165119284353935,87.4656555082007,73.662460513899
ad463823-22fb-407c-8cb1-6fe93082a80a,49.7614432192901,117.24786944765518,71.44361831412512
01337e00-00ad-44e2-a004-ab2c310d6a79,49.98198730454716,119.06250090752174,61.72556281885852
4cd4fce3-8246-4e81-ad12-1397619de2a9,44.20817655403729,110.26170840194587,65.19976852360269
a39596a7-e971-464b-ad2b-3c8d6aab64b9,57.51699150883575,114.50191573695994,69.38645533202138
41fea768-5651-400f-9bc4-c5087a0a2801,54.386811452878355,110.32356574229917,70.46686187138326
5ffc9337-ef49-49e8-90cb-c11d782ce2b9,48.89517913085168,87.17036809554095,64.34898137663038
c4e26445-4eb2-4a94-8e63-27585343a2e8,50.134429194972654,108.63845089347882,82.05838337789211
345d9dba-1994-4a45-80cf-8a51169b265a,51.04191403973776,116.00819050455365,77.58197027626787
02ecf9ba-896b-45bd-b66d-8e6470b73ec9,39.791325657878545,115.08582659627149,73.01059160196242
1cd2f73c-e2cf-4859-8a27-36b3be06b1e0,48.764113087397014,123.77826742949286,70.36018430641873
d8b2aa2e-fec9-4868-8cab-195ca7eb8db0,46.59007876001101,114.16607694402127,68.93895515049424
be4b8184-5a3c-47da-a6f4-3bc7e7dd676d,44.99189995052542,107.02896415083165,65.24040769988882
9253debe-9d48-4ef8-a4d5-0d8dfa819b8c,48.594498535570224,121.40300476632855,70.38740259259431
0cda244b-b063-4b26-877d-c0d56182c300,58.988432634247616,99.4695748150188,71.28876270071375
eb203c5a-24e6-465c-b20a-a00f4a617723,53.20421430633505,82.36250697544564,63.79119712259188
0a8d5f6f-e34b-454e-8dc0-e2957f95d753,47.144105051086015,96.73866072112472,71.67088208622448
0ed35dd7-b981-4358-bddf-cf91404c8d68,52.86291390678079,85.10194710387103,69.22370475587626
