ProductID,BatchNumber,ProductionDate,Defective,Weight,Length
1,25,2024-01-09,0,462.45374363887805,17.613212046913663
2,45,2024-04-18,0,521.7667041961902,15.899233582990265
3,20,2024-04-11,0,498.36902973318945,14.177899108335216
4,31,2024-06-27,0,488.93876177863234,16.4985991100124
5,14,2023-10-27,0,524.4592952384168,15.422275538238395
6,8,2023-09-27,0,493.37382727940997,14.478697718606698
7,20,2023-12-19,0,511.99973486324683,13.96960325809237
8,36,2023-12-02,0,484.63233361404644,17.158433552784466
9,30,2024-05-15,0,483.27739746344025,17.954925573306138
10,21,2024-03-21,0,536.2116352116723,14.449782552419551
11,9,2023-07-21,0,484.2593452547463,14.12598457432628
12,11,2024-04-27,0,488.30458127165065,16.396339477479714
13,42,2023-12-27,0,465.83358416264633,13.729647202927593
14,35,2023-11-25,0,532.5996448801565,16.207353373914163
15,47,2023-07-25,0,507.95996646590197,18.473859211755475
16,12,2024-06-01,1,504.75559266905196,14.164331127810897
17,9,2024-02-14,0,519.5027682115725,15.049026464408799
18,22,2024-05-25,0,473.41326861331464,18.979386155030266
19,5,2023-10-17,0,489.1790643616066,14.25366337403472
20,48,2024-02-04,1,498.1712453750098,15.282073463097102
21,8,2024-02-26,0,469.0305789854308,13.116369051179987
22,22,2023-12-22,0,526.228542526999,13.594330807533472
23,23,2024-03-28,0,499.63141899613265,12.242326056238655
24,7,2024-03-22,0,493.53422727489,20.850499168141305
25,20,2023-10-30,0,504.7245097913657,16.14350398242113
26,44,2024-05-19,0,484.948354313264,14.90824890159326
27,7,2024-05-06,0,500.9022600762593,12.88587141705301
28,33,2024-03-07,0,568.5507709400499,11.350613873563733
29,38,2023-09-04,0,512.093640604916,15.483476576585076
30,23,2024-04-07,0,533.3662211926865,14.709696361769845
31,42,2024-06-28,0,492.8983375508816,16.003985327714936
32,22,2023-12-27,0,484.96862019738126,16.384657682163944
33,12,2024-03-27,0,506.1940717874332,17.02455008551415
34,44,2023-09-22,0,473.1659011315193,14.915645774566888
35,4,2023-12-13,0,453.86084469108414,16.244020929525384
36,33,2024-06-24,0,514.6318501004428,14.184927743596182
37,30,2024-04-22,0,512.8267628994446,13.297107202770551
38,22,2024-03-26,0,516.6770244350614,14.323633462499581
39,18,2023-08-30,0,500.56339746379996,16.537935480925178
40,6,2024-07-01,0,539.5674539975932,16.212995337058867
41,48,2023-11-17,0,498.2534362588477,14.974773715331652
42,28,2023-09-20,0,488.9207051841884,15.64485544574218
43,2,2023-12-05,0,439.8700256998535,18.215016685020142
44,34,2024-04-01,0,499.05668264693514,11.395179783007357
45,41,2024-06-12,0,516.6375557011936,12.489864207085597
46,44,2023-07-27,0,500.13722397078993,14.973932481178046
47,40,2023-12-13,0,522.4844346889353,16.400714674354365
48,44,2023-10-13,0,545.8976233251078,14.569453530918967
49,38,2023-09-11,0,496.53299583245604,16.806176909738046
50,31,2024-04-18,0,524.6250711918661,8.985125591112883
51,19,2023-09-23,0,468.2829484963995,10.339065484693709
52,16,2024-02-04,0,520.6263820871325,13.864393424640953
53,46,2023-11-10,0,501.2698096077354,20.334644177768354
54,41,2024-02-05,1,495.57219003305875,14.999863294856567
55,30,2023-11-24,0,496.7320215998702,10.517102064389814
56,5,2023-08-06,0,496.87393063322713,14.279940534352258
57,49,2023-11-23,0,493.823941813095,16.23498776313568
58,43,2023-12-17,0,503.9734594029933,16.924444762423448
59,21,2024-02-17,0,496.51415731867195,15.941097822389535
60,17,2023-12-03,0,476.8841504207359,14.52839158923255
61,22,2024-01-29,0,508.34107777984246,16.35757858842358
62,3,2024-06-17,0,487.8426410322106,17.307236063164982
63,21,2024-05-14,0,520.9597322958426,13.89053438833728
64,46,2023-07-27,0,499.3234606685524,14.752798477146095
65,25,2024-01-23,0,502.5404790664238,14.727804587979644
66,44,2023-09-24,0,459.0153617351067,11.588915187238793
67,21,2024-01-11,0,474.86639743663756,12.485807151519904
68,46,2023-09-18,0,518.792287870149,10.362750024317915
69,16,2024-03-19,0,485.32366547947646,15.168675850356252
70,34,2024-06-21,0,489.351246820021,14.40465349541804
71,25,2024-06-22,0,494.44120065463443,14.321934248618954
72,25,2024-03-02,0,527.2748518565469,14.931192501607553
73,41,2024-05-30,0,507.48275995603166,16.038538377198904
74,28,2023-10-15,0,526.2052920676666,13.65483380466092
75,4,2023-11-09,0,494.64504404937617,17.347222451503413
76,20,2024-02-23,0,504.2635252753278,11.815541024694715
77,13,2023-12-07,0,475.93513089248046,14.972701598401779
78,45,2024-03-26,0,523.5606247028675,14.803309019595247
79,11,2023-11-20,0,502.17296407389705,16.69975414982313
80,10,2024-06-14,0,500.8825819759255,14.010028580188932
81,29,2023-11-16,1,506.76631078451317,17.1374617166715
82,47,2024-06-25,0,528.9358414784065,14.53226717877094
83,32,2024-04-02,0,495.7100978702282,14.796389786559514
84,24,2023-07-22,0,533.2607791550981,14.701845674532326
85,14,2023-12-12,0,482.9695483119242,16.396192484940332
86,6,2023-07-24,0,508.44369215938184,16.70629632890281
87,46,2023-10-03,0,540.1843712234975,13.790518407712765
88,41,2023-10-02,0,490.20370537482796,12.18221807606313
89,8,2023-12-09,0,504.9051170688684,13.037796767603417
90,42,2023-11-27,0,517.5501012567287,15.33036613600394
91,47,2023-07-23,0,497.24200602202586,14.966708288974933
92,17,2024-02-14,0,469.9929344767134,15.28186534142797
93,40,2024-03-01,0,478.8808128186209,13.54965573988438
94,36,2023-10-11,0,511.6186517770767,16.5914816301838
95,43,2023-11-07,0,517.830306399785,14.647122917478061
96,29,2024-03-17,0,515.69110668642,11.733130940394826
97,18,2024-02-01,0,522.9286402773569,15.310699559630287
98,38,2024-05-16,0,501.43970389872044,16.094851996656985
99,2,2024-04-13,0,504.1646634142201,15.287520622433773
100,18,2024-04-27,0,469.6226268168494,15.260441958431457
101,31,2024-02-28,0,506.34657907404676,15.454343902960122
102,35,2024-06-21,0,512.253615707822,12.892541743766927
103,4,2024-02-02,0,488.33577410368025,18.06350604885186
104,34,2024-02-10,0,512.8800339778983,14.347012832511288
105,44,2024-04-09,0,463.68222310964353,17.93369034095184
106,26,2023-10-07,0,515.0219919558907,13.891742264970057
107,2,2024-06-13,0,506.005686472416,16.9333507456804
108,35,2024-07-12,0,542.2121706717604,15.480359297454928
109,40,2024-06-02,0,528.2617107373053,15.20062886726911
110,41,2024-01-16,0,530.1396071711706,13.122417086231229
111,19,2024-05-17,0,516.3479419273633,17.41163711283432
112,42,2024-07-10,0,512.9323122783052,15.837944021516954
113,22,2024-02-13,0,476.3673737017414,14.819499860048847
114,48,2024-02-01,0,493.2981739929643,17.414749973536
115,29,2024-04-17,0,536.5345694132172,15.177160394787034
116,2,2024-07-09,0,470.8767110255382,19.419611178581246
117,42,2023-09-19,0,490.9943633037374,17.03335423990277
118,39,2024-06-16,0,471.6153183837066,14.33858184838586
119,13,2023-09-08,0,529.0190362806426,17.71676377574201
120,16,2024-03-08,0,488.68437342908777,15.121712769055716
121,29,2024-02-03,0,530.8906873186259,19.01178288075035
122,26,2024-05-20,0,491.72475012561404,15.16331672635426
123,23,2024-07-03,0,489.91735839672526,14.841581268656448
124,28,2024-06-25,0,525.5705837796933,15.187936599510856
125,14,2024-01-18,0,518.7766345278756,15.799013366155911
126,34,2024-06-19,0,445.6743938156485,18.098622520935706
127,15,2023-09-03,0,509.022815797144,15.585713841284944
128,9,2023-08-30,0,512.0033375650459,14.786570149990041
129,5,2024-05-14,0,504.1961386180182,14.013079957862608
130,47,2024-04-21,0,486.8468399235045,16.57136259153714
131,22,2024-03-14,0,500.5681688927918,13.891309738772936
132,46,2024-04-29,0,492.03877038068674,12.662339356065354
133,29,2023-12-04,1,504.2264605521995,13.11550711938748
134,23,2023-10-11,0,495.9521147427787,14.070144791231261
135,15,2023-08-30,0,487.56143683522106,14.751131257182328
136,1,2023-10-18,0,503.27540892609227,17.106344139712572
137,38,2024-06-28,0,516.0487782036879,13.845512896514087
138,10,2023-09-18,0,505.7801178479073,17.39425690493552
139,34,2023-09-04,0,488.92715220137535,11.724587425706199
140,41,2024-03-20,0,506.7250804074082,20.269205601676813
141,41,2023-09-06,0,521.3958478371793,11.827152149559812
142,8,2023-08-03,0,531.9080833715238,15.396174076986275
143,27,2023-12-20,0,524.1510516831887,14.564839965216978
144,30,2024-03-27,0,510.74760386718066,13.429370556314135
145,18,2023-08-15,0,479.81751937572227,16.35281736908998
146,11,2024-04-25,0,472.68894546158253,17.11442832838889
147,44,2023-07-28,0,495.95237572561854,14.655627779646869
148,34,2023-11-22,0,471.81630436887673,17.418769823927775
149,2,2023-07-24,0,484.30430541878746,15.128115384005799
150,39,2024-06-17,0,496.5975539049767,12.87244006651067
151,20,2023-09-24,0,490.31579156522196,14.841624988388327
152,30,2024-01-08,0,493.44163887379165,13.945007867422461
153,7,2024-04-01,0,473.4399074540378,15.920429543210206
154,6,2023-09-30,0,504.6293351958642,14.201666215477301
155,5,2023-12-08,1,519.9301610213381,14.851633609301336
156,3,2023-12-28,0,489.0372506442166,12.829285115536935
157,41,2024-02-27,0,514.5151068838243,17.13871293624945
158,41,2024-04-15,0,553.2545342743615,14.2887431530779
159,17,2024-04-28,0,498.1637793973109,12.861045778423883
160,8,2024-03-19,0,513.0242001589905,20.262948603695683
161,41,2023-09-22,0,503.9354018017471,12.174051252155923
162,25,2023-08-06,0,519.392474584481,16.014860611604227
163,24,2023-08-16,1,465.6270024677581,10.672668877992434
164,23,2023-12-27,0,478.8608646410957,15.617045499281652
165,42,2023-11-11,0,502.8692785614276,15.376227040036497
166,7,2024-05-31,0,517.7392513231694,14.495244062631654
167,15,2024-03-07,0,502.6104805172988,12.272911979090738
168,40,2024-05-04,0,466.70853498064713,13.282938109694111
169,25,2024-04-25,0,483.5277344708321,13.386878450997344
170,32,2023-12-12,0,484.10587764805564,12.65175274161899
171,21,2023-12-20,0,507.77983890006095,13.103908311067283
172,19,2023-10-03,0,484.75922080319145,17.870251782608452
173,36,2024-01-10,0,486.38385790398456,15.78241802434653
174,33,2023-10-01,0,521.6949515327541,17.661655300677612
175,21,2024-02-05,0,526.7063255359718,13.022315792555743
176,25,2023-10-08,0,491.7345038932792,14.13739352460864
177,33,2024-07-09,0,508.49805344699746,11.525900891106248
178,28,2024-06-21,0,462.3703240293732,12.619088535414056
179,45,2023-08-11,0,503.9665411871068,14.417773704608843
180,37,2023-10-30,0,523.7995609959165,14.158787294254667
181,19,2024-02-09,0,510.535634105147,18.55470755104203
182,23,2024-02-11,0,502.0212168871494,15.216093146943741
183,35,2024-05-08,0,492.2271405305473,14.469800232515054
184,32,2023-12-17,0,487.06415968817197,15.918925184158832
185,19,2023-12-02,0,496.41835189612397,15.053757105484785
186,15,2024-06-26,0,468.9711772352738,12.828592926804301
187,8,2024-07-13,0,532.2091795659649,13.746224512074502
188,12,2023-11-24,0,511.2842128078963,17.797913765254613
189,11,2023-11-06,0,497.9512593157343,17.607575401928763
190,39,2024-03-24,0,487.60390450345324,15.514470636672351
191,42,2024-04-09,0,498.59320759684516,17.03897046327863
192,23,2024-02-25,0,515.9558988452568,18.285618468784627
193,1,2024-06-15,0,520.2289578243789,14.1165485755645
194,35,2023-10-10,0,481.9261813986852,15.368629679597252
195,18,2024-04-22,0,480.5294247965269,15.442181805913181
196,43,2024-01-13,0,541.5645992561655,13.346372936614067
197,7,2023-10-18,0,522.7318571543137,15.892863256149056
198,4,2024-05-21,0,514.1703988165601,12.71264396191605
199,41,2024-03-06,0,497.2270751256526,15.204519970343148
200,28,2023-09-29,0,518.4804067652557,14.46217221632079
201,13,2024-04-28,0,474.53533648337765,15.859094233825452
202,40,2023-10-25,0,530.6353684307009,12.290277573033945
203,22,2023-12-19,0,499.2845555052568,13.957801049212291
204,26,2024-02-06,0,515.8172300431751,18.76632829326636
205,1,2023-08-19,0,512.9243554979035,14.730307898212667
206,44,2024-03-16,0,497.3685817747614,15.136288316359044
207,35,2023-08-03,0,496.4926728980506,13.660857230143748
208,2,2024-06-09,0,524.4316628255197,15.090741853673492
209,49,2024-03-11,0,520.5299480916518,15.759542773077994
210,44,2023-09-17,0,464.5553776003916,14.048872035649957
211,38,2023-11-03,0,466.15188525887083,14.50100739924165
212,47,2023-10-27,0,481.07558759287684,14.667080546632615
213,44,2023-10-27,0,482.12909203400596,15.59147487769227
214,26,2024-01-31,0,477.6294825482554,17.26103467042349
215,24,2023-08-23,0,505.4422128652458,13.661348602684692
216,43,2024-07-02,0,490.72591105732056,16.6119613210219
217,5,2024-01-27,0,524.1224924352434,16.609211448230944
218,8,2023-12-31,0,529.0575553103412,15.509664690685877
219,30,2023-11-04,0,499.4263352500481,17.16330350528937
220,2,2024-02-02,0,533.6691589734579,15.198136726164005
221,24,2023-11-26,0,500.4842862028145,15.215632574074942
222,24,2024-03-01,1,491.304187065002,14.65289510191619
223,25,2023-08-07,0,501.29571478587826,14.459272416926266
224,26,2024-02-28,0,518.8972000398613,14.579003701947286
225,6,2023-07-30,0,467.71078054600207,11.278357652005786
226,23,2023-11-14,0,495.8280135555109,16.20054730957353
227,17,2024-04-15,0,505.94811320633744,14.355487194001578
228,32,2023-07-29,0,507.26169330477086,12.06226824662669
229,49,2023-08-29,0,492.63127313354175,16.940643974450524
230,1,2024-06-05,0,509.77571485286944,13.048915524124492
231,4,2023-11-29,0,505.84243235901727,16.718984271697366
232,34,2023-09-01,0,488.1618377305521,13.51688805522667
233,32,2024-07-02,0,543.6319725787755,16.91777517757994
234,7,2024-05-04,0,508.79100412062616,18.797842045752994
235,1,2024-06-05,0,493.3763329965234,11.8098747197402
236,9,2023-08-12,0,488.5656193304312,14.490075583159763
237,25,2024-02-05,0,520.5881783646183,16.913617107131397
238,7,2024-01-10,0,502.04119582128135,15.55937813942806
239,12,2024-06-14,0,550.9622539563038,15.563393026646896
240,5,2024-06-26,0,491.28151754095825,16.831206876473633
241,38,2023-12-19,0,475.1478612309542,13.422279486336752
242,8,2023-11-11,0,499.44603082332793,12.433906081429608
243,26,2023-09-22,0,503.5013491767489,13.572380364160757
244,43,2023-09-03,0,457.63098730719406,17.667104324306855
245,6,2024-01-31,0,493.8166297123704,13.472187098722229
246,38,2024-01-28,0,492.6316911722481,11.930083799256295
247,5,2024-03-10,0,492.62472927588897,17.313562002948494
248,43,2024-06-02,0,487.3954850473879,13.975637177111198
249,13,2023-09-25,0,473.1361491382312,14.101982482779807
250,17,2024-03-31,1,515.1607610284351,12.212255288741456
251,6,2024-05-07,1,488.32318312020647,16.060777472612365
252,14,2023-10-24,0,479.5259709519829,16.13593204640903
253,12,2023-11-10,0,484.80131464364183,13.899088288287505
254,23,2023-10-31,1,490.5535352050609,12.612535096295465
255,43,2023-09-10,0,502.17294249426055,11.215799964198503
256,40,2023-09-02,0,513.3667797272097,16.13611658580701
257,1,2024-03-06,0,480.93641003969856,20.19299056230711
258,25,2024-04-14,0,490.41405204891134,15.808645822319304
259,49,2023-08-14,0,473.0898454396005,16.216643865318705
260,28,2024-04-19,0,432.1540001315525,15.293122435639145
261,31,2023-11-23,0,503.11587861463175,15.699153208826313
262,25,2023-10-10,0,530.4000703500149,14.533967085280077
263,29,2024-07-16,0,510.4416650670565,15.588377287866896
264,25,2024-04-09,0,489.8588008771402,13.397986300843112
265,31,2023-10-17,0,501.9295828521047,12.51861343534567
266,47,2023-12-26,0,476.5035979800988,15.222477315575142
267,33,2023-12-28,0,497.5541528393484,15.196324486918563
268,47,2023-12-29,0,491.44581493884846,12.651155115512775
269,36,2024-07-13,0,482.9457153586523,13.89713716385802
270,23,2024-04-10,0,508.11304459609306,14.299853943854192
271,48,2024-03-07,1,551.9973432875811,16.43156696648546
272,9,2024-01-13,0,533.3089901286943,15.317335097877908
273,4,2023-10-05,0,498.5585395735581,14.664779842016996
274,37,2023-10-26,0,517.6822930943173,11.815568230428829
275,15,2024-04-09,0,517.2541486813925,15.540821118412527
276,37,2024-04-25,0,487.0492394862836,16.05839848983509
277,18,2023-09-02,0,512.8780814700123,19.396224992370744
278,20,2023-11-02,0,471.18015802987696,15.89266687195905
279,25,2024-03-16,0,483.89403216296836,16.84822139152715
280,25,2024-06-17,0,504.7750574081226,16.867321087944287
281,36,2023-10-31,0,491.7042467528575,11.374595649700167
282,2,2024-07-01,0,535.1295728606044,14.750763965483557
283,13,2024-07-06,0,512.9608086911069,14.660709316315044
284,21,2023-12-02,0,492.3592375766806,14.080060949989937
285,8,2023-08-03,0,490.58840573773034,16.71306759043739
286,23,2024-05-24,0,503.7394121642657,18.253441552605675
287,45,2024-07-12,0,478.88937422715634,13.15106075203615
288,16,2023-09-15,0,511.91223906589096,14.688011609406256
289,33,2023-11-22,0,472.4939610010905,15.849995027541567
290,34,2023-09-11,0,512.4602039192148,13.440897185340466
291,14,2023-11-18,0,496.70810536039176,10.7669276468809
292,2,2024-06-05,0,508.2922703618253,14.569873948562758
293,4,2023-08-03,0,479.7482814932407,12.791818581355662
294,40,2024-05-17,0,504.89970414176236,11.12308209088313
295,37,2024-04-08,0,548.2469548302531,16.803794061736703
296,39,2023-09-15,0,490.8556649507867,18.270962580563186
297,28,2024-04-16,1,506.3479972065805,16.057852494621415
298,35,2024-05-05,0,530.1113389951462,15.831927854232756
299,46,2023-11-21,0,515.2340828972027,15.868166029294624
300,39,2024-04-05,0,508.6377096828926,14.844784069634102
301,48,2023-12-27,0,479.7262145495762,15.898337983560655
302,26,2023-08-25,0,474.448232554067,14.737396185035184
303,17,2024-02-01,0,501.0686488136492,13.498130035895116
304,49,2024-04-27,0,490.735282893736,17.55530357073616
305,10,2024-01-24,0,499.6188357244942,16.497523104740505
306,26,2023-10-13,0,504.11313348039033,20.31454609822835
307,1,2023-10-17,0,486.4714432231423,13.362785449840572
308,16,2024-06-15,0,509.8820605202784,12.109697677594353
309,17,2023-07-24,0,537.1711237718221,17.683526382546397
310,43,2024-03-10,0,479.81318025239113,14.789620888952172
311,37,2024-01-22,0,490.6090728295818,17.71357449010694
312,8,2024-01-11,0,499.00778682640004,19.028028185064283
313,24,2024-04-03,0,522.8091934788118,12.254740703224531
314,41,2024-05-01,0,476.272359986366,13.28514319812609
315,39,2023-12-17,0,478.69703791231836,11.637423099353342
316,46,2023-12-05,0,456.72677974367275,14.698802691620095
317,38,2024-02-20,0,491.19275573572304,13.557872006438387
318,38,2024-03-09,0,513.6029153204366,11.118235143618875
319,5,2023-10-09,0,521.3044941795628,15.199810119176703
320,35,2023-07-30,0,507.1430732261546,17.563672889855418
321,23,2024-04-25,0,487.98086041235086,13.059841197189321
322,31,2023-11-10,0,514.1294322740474,17.490753098880667
323,34,2023-11-05,0,504.0863718123223,16.393742748200793
324,28,2024-01-09,1,461.5858880214014,14.870895962084932
325,8,2024-01-22,0,475.4381033476892,12.884319350039792
326,14,2023-10-24,0,530.2373061039259,14.061555447391646
327,26,2024-01-15,0,506.44410165950546,19.256790965076288
328,38,2023-08-29,0,472.5041122298284,14.22151841039153
329,32,2024-03-23,0,516.3990621612357,16.139225874588462
330,37,2024-05-01,0,521.2286991952528,14.45140107315674
331,48,2024-05-12,0,491.29931941080616,12.803166284676937
332,40,2023-09-25,0,513.1536419277357,16.379441723921058
333,9,2023-07-25,0,425.19798724096444,18.2984964837553
334,19,2023-10-04,0,519.4715359037632,17.13026528237972
335,21,2024-05-19,0,523.5031078383975,18.21808995177296
336,26,2024-03-12,0,477.5059457047253,15.286033348589122
337,40,2024-04-17,0,505.6417079903061,14.994885809589997
338,30,2024-05-27,0,493.23758913905124,16.055360954392487
339,3,2024-02-16,0,497.9494103845835,14.55475748182114
340,41,2023-12-05,0,491.5023911092986,14.017029960023368
341,18,2024-05-03,0,473.35409066290356,11.81232098296091
342,41,2023-09-03,0,537.8080740616331,17.036746192097617
343,40,2023-09-10,0,493.7937830084157,15.099370431873144
344,34,2023-09-07,0,502.0951008852446,11.796302492824216
345,4,2023-10-08,1,479.81198839497137,11.363178586771525
346,27,2024-05-23,1,479.2626567775131,18.543313335584767
347,48,2024-03-04,0,508.25196830151,17.15120656642648
348,25,2023-09-26,0,510.52784160302224,15.766805601494372
349,31,2024-07-13,0,517.5584833864949,12.06600508009368
350,2,2024-03-12,0,522.0754800498738,14.47043647443797
351,43,2024-01-26,0,495.7958491899848,12.935841975976782
352,19,2024-03-16,0,491.115938720141,14.271129838918823
353,8,2024-05-07,0,514.9362766569786,14.566251578139031
354,44,2023-12-24,0,487.2512159313913,13.549435906182687
355,6,2023-10-13,0,517.4351699179566,12.212461098928866
356,41,2023-07-30,0,507.4900057448458,16.477410635589187
357,38,2024-03-27,0,523.10052869167,15.49869387122617
358,20,2024-04-30,0,513.4078337769566,16.09710355680645
359,35,2024-01-13,0,478.9110835221768,17.269796398705086
360,22,2023-11-01,0,482.68732716827947,17.205894806097447
361,37,2024-02-06,0,514.6497059401478,18.32646046759496
362,25,2024-03-20,0,538.1411168483555,16.851732392177
363,31,2023-10-05,0,473.54376598433964,15.918231892369782
364,2,2024-05-21,0,500.46423208650543,14.175309103420272
365,1,2023-08-07,0,505.6334911496098,12.420537302914607
366,25,2024-06-16,0,469.48444976268905,16.18051801577407
367,46,2023-08-06,0,509.56249992726026,14.41587877590473
368,48,2024-07-16,0,498.13754415905123,18.99525258076766
369,5,2024-02-06,0,458.068850375687,13.990894053306409
370,1,2024-03-05,0,532.4345595649919,15.560156999574398
371,37,2024-04-21,0,482.73583561857856,15.569328305271387
372,21,2024-04-16,0,474.34993171409917,12.053532239016855
373,5,2024-01-14,0,508.40283244423387,13.469805663939002
374,6,2024-03-31,0,511.1497359180979,11.026679450435731
375,15,2024-02-20,0,514.7282280739255,15.549007240640806
376,23,2023-09-21,0,492.2799327558138,15.373361520925775
377,16,2023-08-27,0,499.7817132421818,16.48752592280177
378,20,2024-04-27,0,485.3838647365227,13.549622595823672
379,13,2023-12-22,0,473.7960538873558,12.880948851738028
380,40,2024-06-01,0,521.5826129810847,14.356074650234234
381,33,2023-11-16,0,497.9447462996441,15.826511942094996
382,31,2024-04-17,0,496.35371489154085,12.834011740715882
383,21,2023-11-10,0,460.0146481600934,15.763697347593391
384,21,2024-01-28,0,496.4325779143933,15.980506171268143
385,6,2023-11-04,0,483.15011005817104,16.640632996293803
386,11,2024-07-07,0,496.50772693700367,14.2850686626286
387,25,2024-01-03,0,495.61511696286254,15.174275499906651
388,12,2024-03-31,0,491.07070417334074,17.45700379224757
389,22,2023-11-11,0,518.7767728582228,13.600062959761312
390,7,2024-05-25,0,508.94108304648313,14.923512754386813
391,2,2024-06-06,0,522.5430902894309,19.012052800353985
392,14,2024-06-03,0,473.50345260080553,15.608093333039312
393,16,2023-10-11,0,487.0208814510437,16.88654747465052
394,48,2023-09-02,0,499.19438363355425,15.600956743850897
395,44,2024-06-04,0,491.8672206019313,17.013867649838183
396,22,2023-08-16,0,498.41484549006526,15.969360575903252
397,4,2024-06-11,0,476.35793201383353,14.561160368475678
398,30,2024-06-29,0,485.6764388547552,14.519431234274776
399,10,2024-02-26,0,467.1689209029597,14.54316076740174
400,25,2023-11-19,0,482.19948896453525,16.31557676094696
401,37,2024-06-13,0,513.8835344078403,15.048744195211505
402,21,2024-03-23,0,495.71586230468097,14.9665234233051
403,38,2024-02-28,0,530.1150647751501,15.160890350570424
404,47,2024-04-02,0,488.08932251388643,15.548998157458634
405,20,2023-10-19,0,502.38142161744656,18.126495244479642
406,41,2024-01-17,0,475.73495339695165,13.146840604384126
407,4,2023-10-06,0,552.0134374083481,17.157142572194697
408,38,2023-11-20,0,496.4275880259909,14.147559374748223
409,4,2023-11-18,0,516.5925968059883,14.32989633640453
410,21,2023-07-30,0,508.26770041734306,14.703414857366893
411,39,2023-12-13,1,488.3224237032145,12.290830762803775
412,31,2023-09-27,1,473.3819743692862,13.730311345314378
413,34,2024-06-13,0,503.12286249077613,14.728255866124941
414,26,2023-11-25,0,488.8642051127333,13.806458357921036
415,42,2024-01-24,0,496.88991397016537,17.594163239850467
416,45,2024-04-05,1,513.0260411759476,13.351705462389095
417,23,2024-06-19,0,501.5648231168076,14.665494860793538
418,38,2024-01-04,0,507.5423259473719,13.7919338287206
419,3,2023-09-30,0,503.00093152111543,17.50258466560001
420,28,2024-01-11,0,470.65501334698985,12.314266761682202
421,47,2023-11-19,0,527.9212439140267,15.83050158529593
422,38,2023-08-20,0,523.5170459286951,17.393739487725718
423,29,2023-11-19,0,477.27670291486567,17.81540765816606
424,36,2023-10-09,0,510.1060122285434,15.353774522917133
425,48,2023-08-22,0,486.75951459676287,18.456663823531308
426,34,2023-08-16,0,485.0616732587346,13.096632892186433
427,26,2023-08-07,0,499.90316677329906,13.896846624808216
428,11,2023-09-07,0,534.953364609954,13.921761130277728
429,40,2024-04-06,0,521.1591512296377,15.514542718997621
430,9,2024-07-05,0,512.1044271666372,10.772136102648513
431,18,2024-06-01,0,476.987887284919,16.89706584436491
432,26,2023-11-20,0,551.0889883750276,17.462552173078656
433,8,2024-05-12,0,517.4746209132135,14.423626936756214
434,30,2023-10-24,0,453.0232516016978,17.516393873987962
435,40,2024-04-11,0,507.98948670416985,16.147512396754102
436,42,2024-03-13,0,490.22610568163833,13.046250718015841
437,21,2023-08-28,0,508.1996471189793,13.617940952152756
438,34,2024-05-10,0,508.0128073361905,13.985417102901225
439,11,2024-01-03,1,481.6296184705979,15.65750615227655
440,13,2024-03-09,0,536.5177150461539,16.881174526645516
441,48,2024-03-13,0,503.9956924283885,16.344014027650267
442,3,2023-12-09,0,518.8269581302081,13.75944883353529
443,33,2024-01-19,0,527.0284712949641,15.225699266594559
444,25,2023-07-29,0,485.2368480409603,13.773592374737895
445,6,2024-07-14,0,481.7646303038695,18.164541367031696
446,20,2023-09-30,0,522.4381469769553,14.231123808131471
447,1,2023-12-03,0,527.8567486551372,14.865250002829342
448,18,2024-05-09,0,472.45962858417727,14.433179981690685
449,24,2023-10-12,0,540.2248637231532,12.600964104724873
450,47,2024-02-15,0,495.28993371332297,14.841930645178811
451,21,2024-04-12,0,513.8356905702477,16.643746013398662
452,37,2024-03-20,0,511.2877641820945,14.658499456223433
453,37,2024-05-22,0,480.5731536033335,11.697938545386599
454,13,2024-06-10,1,482.7190372210555,14.582748673011258
455,45,2023-09-25,0,458.3281532141015,13.57810586113123
456,37,2023-11-08,0,476.9769972874688,15.104693707638486
457,16,2023-09-05,0,470.3504807851475,16.930719337938243
458,38,2024-01-17,0,500.8038103154059,13.5995830422349
459,25,2024-05-12,0,527.3880430544416,14.688984910159379
460,46,2024-05-22,0,499.4571013866705,15.092722833374568
461,21,2024-07-03,0,506.7770832436547,12.144649175928999
462,8,2023-08-05,1,515.5600708673586,15.705867640515265
463,47,2023-10-13,0,513.594188820406,14.411682751892538
464,24,2024-02-08,0,492.28336999776997,13.087376005815717
465,21,2024-03-27,0,470.73309878333,12.308453465675758
466,6,2024-02-03,0,491.40388979918697,14.915003780412873
467,8,2023-11-10,0,501.2591871052781,16.64100412745292
468,37,2024-06-25,0,482.5670957445838,15.981990345392749
469,48,2024-02-16,0,507.239214214021,12.643915353566216
470,10,2023-10-18,0,494.14575808115717,14.31784158092798
471,6,2023-07-25,0,512.4364305502179,15.917360252085821
472,26,2024-03-28,0,483.9352104763035,17.38561729012414
473,34,2023-09-18,0,481.56064681381235,18.015231053298734
474,21,2023-08-20,0,535.4811267540788,15.431859835550219
475,1,2024-07-14,0,500.5751247542737,17.152400647075282
476,34,2023-08-14,0,511.0592769879107,12.201288058430336
477,20,2024-06-13,0,478.03155494215696,16.017245471895702
478,10,2024-04-17,0,492.4547108903575,18.18485141466944
479,3,2023-12-07,0,513.6433896561523,14.917114637178011
480,17,2024-02-19,0,531.3123171929217,17.751883158516097
481,24,2024-07-04,0,485.5102985040091,17.711208257058434
482,26,2024-04-25,0,483.9416517712207,16.250650357250912
483,43,2024-02-10,0,499.546621193113,18.351003513003867
484,17,2023-11-12,0,469.5120970050228,14.41960773792559
485,18,2023-11-13,0,499.3973338704475,14.54200916982119
486,41,2024-02-05,0,498.70543230769215,18.049292861599234
487,18,2024-06-03,0,514.4949830065852,15.778389681323233
488,38,2024-05-11,0,528.2921948537794,12.514111389027239
489,42,2023-12-04,0,511.3968863560018,15.054197952918633
490,39,2023-12-01,0,514.8310210191938,20.95995234351731
491,13,2023-12-16,0,501.045579022686,10.262393094733687
492,7,2023-12-15,0,492.8051084704768,17.644388316401606
493,48,2024-03-15,0,460.08046261686474,13.982649496232257
494,25,2023-08-01,0,482.2755836165077,16.05687753063224
495,34,2024-05-07,0,504.3453336938666,16.650433444660873
496,15,2023-12-15,0,467.08812552420017,12.303136797893458
497,6,2023-12-22,0,504.8577964556654,11.883751712995505
498,10,2023-12-30,0,491.98330579464096,13.260269048203654
499,38,2024-01-29,0,479.56880294836617,14.804323334205417
500,39,2024-05-25,0,490.59951366689995,11.63499770281386
501,12,2023-10-19,0,514.575630425232,16.312519117040775
502,26,2024-04-08,0,517.7100221923896,16.184463367257607
503,17,2024-04-29,0,461.2595718510152,15.596670170508688
504,20,2024-03-03,0,497.0103197570266,15.449569319341117
505,24,2024-06-04,0,518.2776931656701,12.362244180987187
506,49,2024-02-16,0,494.84210280781286,14.368191128346707
507,10,2023-08-16,0,502.17630541828424,15.083355029784203
508,43,2023-09-11,0,470.0917824947946,16.547034800742804
509,42,2023-08-06,0,490.3993268636341,15.261963411141323
510,42,2023-10-06,0,536.5755085877645,18.334318436920707
511,40,2023-08-13,0,484.23863930969304,16.248894638500865
512,27,2023-07-23,0,471.18735313607965,15.109122769409987
513,43,2024-05-03,0,502.9894351711681,15.904798836207393
514,12,2024-03-06,0,515.7725866613148,18.229592758172053
515,8,2024-04-26,0,523.8762098125051,12.746318289262932
516,28,2024-04-15,0,489.6455471574946,14.279831762858052
517,33,2024-03-06,0,504.4495115325744,14.300617951112079
518,31,2023-10-24,0,510.88709756570785,13.658482967470844
519,23,2024-06-10,0,512.9842105566843,13.086839982370748
520,30,2023-07-29,0,489.0559451198091,16.19587841200223
521,33,2023-09-20,0,534.2544986179139,14.086451212374248
522,3,2023-08-09,0,486.25405954898537,16.22219189176983
523,23,2024-03-09,0,514.1574431738627,14.079092567883166
524,48,2024-05-04,0,499.5617752770895,12.47596157904712
525,41,2024-01-17,0,488.25562871950956,17.396094549276484
526,48,2024-06-26,0,487.1429740207486,18.59682416385463
527,25,2023-08-13,0,488.27306178159535,15.449357710547167
528,15,2024-02-24,0,491.0625786989341,16.046170651274387
529,3,2024-03-22,0,479.6222880128818,18.47353408780316
530,4,2024-06-07,0,513.9481940642354,16.0173069765258
531,34,2023-08-24,0,485.92969368759555,17.330077692560028
532,43,2024-05-10,0,487.69958302599014,16.426240633065206
533,37,2024-03-24,0,509.7738118241647,17.63995380775162
534,1,2024-06-28,0,497.84076113732704,15.622218834609578
535,25,2023-09-24,0,471.56192729442176,15.597864759084223
536,39,2024-06-07,0,481.2798100291147,16.217345398679974
537,13,2024-02-13,0,496.06885511158015,12.300907288246924
538,16,2023-08-22,0,488.50024325265065,13.253367322498772
539,27,2023-08-15,0,515.0096507450608,17.72208369178839
540,24,2023-11-16,0,484.71195942018375,17.841309521794482
541,30,2024-02-25,0,480.6574585791358,15.860748327189672
542,17,2024-01-04,0,479.7890758244275,13.096016645493549
543,19,2023-10-29,0,508.13314493915277,17.405535721228546
544,46,2024-04-01,0,509.66943452171466,15.15985253003264
545,34,2023-12-20,0,466.5511082485824,12.659477695907908
546,4,2023-09-26,0,512.441503930362,16.239085648505373
547,39,2023-08-05,0,517.2194654099189,16.784978009113342
548,8,2024-01-02,0,466.180044763819,16.752229532250432
549,21,2024-05-29,0,486.19137141278077,14.380838175639092
550,49,2024-03-18,0,528.5778484871595,13.960791521796319
551,25,2024-07-14,0,520.122034120505,12.386256714392614
552,3,2024-06-03,0,500.49585318502085,18.039197706374377
553,11,2024-01-03,0,510.02498792578865,15.425722774313815
554,35,2023-11-23,0,542.2403924724015,18.13299576177721
555,25,2023-10-28,0,510.0559394690524,14.482189198154517
556,1,2024-07-16,0,475.5838227716222,18.4229779757999
557,7,2024-04-16,0,527.2987799920165,11.358367601749324
558,14,2024-01-01,0,482.58122218750765,15.326989033696046
559,39,2023-09-04,0,519.8780447169567,13.373765954333678
560,26,2024-03-06,0,513.1254132191377,13.789290840729176
561,28,2023-08-17,0,517.7902710601152,12.344952390433166
562,48,2024-03-19,0,530.8186595081831,13.711656770337079
563,6,2024-03-04,0,470.68171342984095,18.817766870410416
564,46,2024-02-28,0,498.60822890122404,13.872909380596806
565,42,2023-11-29,0,538.9209900509176,17.164945107960506
566,24,2023-12-22,0,519.527634890399,11.096178343399226
567,25,2023-07-28,0,503.5431667468263,19.882432318633057
568,14,2023-12-30,0,479.536537399421,14.96542982826543
569,22,2024-01-25,0,502.1344098590392,16.824564055143234
570,14,2023-12-30,0,481.76237402911977,17.47931699474466
571,3,2024-06-28,0,470.6326608707115,13.853265198865614
572,42,2023-12-15,0,511.52957406117105,15.849778973737674
573,2,2023-10-03,0,501.306112106767,14.457479969536152
574,46,2023-12-17,0,484.52974394478576,13.632864910216322
575,1,2023-10-08,0,507.898963779245,11.925124780192956
576,15,2023-12-05,0,489.92220224423704,14.797251144115904
577,37,2023-07-26,0,535.5911816841476,16.493331434836033
578,8,2024-01-06,0,499.38855111260085,16.85836362033468
579,49,2024-04-26,0,531.5417642494019,15.458836015284568
580,10,2023-08-11,0,483.7439579832222,15.828811753433948
581,45,2024-02-20,0,512.2669833080727,15.619447649862597
582,5,2023-08-06,0,536.8739995295514,13.525087612247104
583,17,2023-07-29,0,505.4218196443172,11.926160233553516
584,17,2023-09-17,0,522.7289525410303,13.8754903416699
585,17,2024-05-02,0,465.23336263650697,11.800977753394864
586,4,2024-07-02,0,514.1426948864186,16.648779860688226
587,41,2024-05-16,0,500.60772262929765,19.982972404395316
588,3,2023-11-20,0,515.3000395476902,17.023710327060716
589,33,2024-05-28,0,517.3533043602622,14.437524121134176
590,7,2024-06-19,0,454.87499764379163,15.033413015205769
591,22,2024-05-08,0,491.127945207878,17.30783933829229
592,29,2024-02-14,0,486.59953438801074,13.798169927166565
593,23,2024-05-09,1,503.04328380011395,15.265874534204805
594,28,2024-03-21,0,461.1893320566057,10.660051145326822
595,5,2024-05-31,0,478.189826650366,12.766882247009791
596,5,2023-10-15,0,520.0384140705534,13.861263988687417
597,32,2024-05-27,0,503.5378489210474,16.272533400213035
598,3,2024-02-06,0,478.2397091716671,13.464701540715998
599,26,2023-09-20,0,494.93565265889066,16.23695896665717
600,31,2024-02-22,0,521.9654611545169,15.366322440311372
601,12,2024-03-03,0,463.2086642806404,18.718702545988492
602,11,2024-02-28,0,495.7714277291548,12.848970730150945
603,3,2024-02-05,0,495.4067351341838,10.961560578310827
604,12,2024-03-23,0,503.73958828938095,10.125071084468281
605,13,2024-05-02,0,510.0755893233577,14.70287298022842
606,21,2023-10-17,0,538.2068500317608,17.302302923221973
607,10,2024-01-29,0,511.0756238885322,15.37064676679677
608,36,2024-02-01,0,488.25037065344884,16.316921852343498
609,7,2024-05-04,0,525.1589988589186,14.900927796209652
610,32,2023-11-21,0,482.82663203804145,15.474797699044794
611,28,2024-07-15,0,508.7237419068339,11.97683935371692
612,11,2024-05-31,0,531.4292610261945,18.864740665328192
613,49,2023-11-08,0,521.5462976273534,15.964844068043709
614,9,2024-01-16,0,516.2217935330905,12.368433902031123
615,26,2024-02-05,0,455.3692472255647,11.072769874672934
616,38,2024-01-07,0,497.97994965389245,16.06613636768711
617,16,2023-10-25,0,488.2524986690155,14.781353566040968
618,27,2024-01-02,0,526.4973654295744,14.433633161091665
619,6,2023-10-30,0,516.8129695627619,17.86748769081877
620,19,2024-06-26,0,505.22212363125914,13.862765519300932
621,1,2024-06-04,0,515.8888329660243,13.300307073973567
622,37,2024-06-23,1,487.00767026975933,16.448892993542128
623,33,2023-12-06,0,512.6856902076706,16.211796695952494
624,38,2024-06-09,1,501.90005324949664,12.419483038214949
625,19,2023-07-24,0,466.33586385970364,16.57886621293363
626,14,2024-01-22,0,506.88092275989845,18.921827488628935
627,20,2023-10-27,0,514.1431606126654,14.328920382111876
628,3,2024-02-07,1,523.8682917028127,13.784775629324447
629,48,2024-06-28,0,510.5477705513001,13.545516237924318
630,41,2024-02-29,0,520.1340784784468,16.70281734234476
631,42,2024-03-23,0,465.3534533583345,16.776833160369538
632,1,2023-11-08,0,492.5317567429936,12.777353377176528
633,39,2023-10-28,0,497.1497920583966,17.275688730103113
634,1,2024-02-16,0,493.40515270474964,17.551098558821057
635,10,2023-08-02,0,498.21915761007,15.589198823534739
636,4,2024-06-06,0,488.45207502522464,10.628640947077479
637,6,2024-03-01,0,514.7233095849003,16.58475490598975
638,18,2024-04-14,0,480.17588903055037,11.749917154336817
639,19,2024-05-03,0,502.50349223392567,16.47966143569625
640,46,2023-12-20,0,501.46305426347,17.02853821530435
641,12,2023-12-16,0,502.8787446875907,16.916416200558434
642,1,2023-09-08,0,481.04551364549866,9.769258148479736
643,39,2024-06-27,0,527.984598493707,13.543738344493358
644,45,2023-10-03,0,495.4775254729093,16.48499693437998
645,42,2023-07-25,0,471.2229167030643,14.83571207976707
646,18,2024-05-27,0,516.0260203659406,11.950196254071383
647,45,2023-11-25,0,499.9333710813259,14.123641897030641
648,19,2023-10-14,0,498.0611688468515,14.989216682260302
649,7,2024-01-17,0,498.08257099898,11.575830275923185
650,16,2023-12-07,0,507.90873927860576,18.41117260497362
651,40,2024-02-11,0,498.9351391574417,16.622379725524958
652,1,2024-02-29,0,484.53000835011085,15.298721824705872
653,38,2024-02-24,0,471.6162898421271,13.529088636978328
654,37,2023-09-18,0,506.0690386518926,14.374066945333952
655,8,2023-11-25,0,469.6358658962113,13.693167571309472
656,46,2024-04-02,0,522.3941545049773,13.017548526009827
657,12,2024-06-23,0,480.92278076491664,15.297932761397176
658,5,2024-01-19,0,483.0077195606831,17.2066472017903
659,7,2023-09-04,0,480.3620061390524,14.61990240283707
660,39,2024-06-11,0,472.7384466368859,14.175472238672576
661,41,2024-03-16,0,484.54802880675015,15.357240397651873
662,7,2024-01-20,1,494.3274909548698,16.563362305953778
663,17,2024-07-09,0,453.447919145977,13.950719194868965
664,35,2024-07-12,0,451.095450184426,12.237806604183856
665,17,2024-04-02,0,485.68270145352983,16.890952367080356
666,33,2023-08-21,0,517.6679368491214,12.276617840108514
667,29,2024-01-12,0,473.99120286799837,16.06997526290653
668,37,2023-09-04,0,498.4732183184272,14.808081405184275
669,33,2024-03-14,0,528.6111363115992,13.207186232815905
670,49,2024-04-26,0,473.5318283355224,17.77436287154783
671,9,2023-12-31,0,491.23287667666483,16.994786122944205
672,22,2023-11-12,0,485.13695037622466,16.15293527477835
673,25,2023-12-13,0,517.839351639958,15.880001676971448
674,17,2024-06-02,0,509.27745530457037,15.950940208963669
675,22,2023-08-06,0,512.3532169346958,13.032845328450847
676,11,2023-12-09,0,549.9283412551971,13.8760125763347
677,33,2024-06-29,0,532.5895044561813,11.717993561140862
678,9,2023-08-10,0,498.019105966192,15.584565474084759
679,38,2024-02-28,1,495.9601608948368,17.866209782136156
680,7,2024-06-23,0,471.02348222660464,14.232577397075005
681,27,2024-04-02,0,465.7167062513491,15.47498518464266
682,43,2023-10-08,0,499.0071685844425,13.93448966681802
683,28,2024-05-27,0,474.0120907323495,14.05764031431367
684,46,2024-01-22,0,512.5071085876536,14.319830941633132
685,26,2024-05-19,0,484.1656142455434,12.073588671876056
686,21,2023-10-04,0,488.34113210990046,17.27719651141508
687,21,2023-12-31,0,468.94638917881673,14.989950340544707
688,14,2024-06-27,0,542.203070484378,16.943175394397592
689,35,2024-06-13,0,515.176590980462,15.604682447355307
690,5,2024-03-25,0,485.80139517860835,13.387528587482185
691,49,2024-06-25,0,503.0229406429231,14.366176104163234
692,15,2024-06-14,0,526.4618261596237,11.826269594527135
693,25,2024-01-17,0,481.44349851546184,16.577374168177112
694,2,2024-01-17,0,538.1319736541224,15.27444954851272
695,40,2024-04-13,0,479.35650211174413,13.429638949546192
696,44,2024-06-10,0,496.45277033457006,11.986859578761354
697,14,2024-05-03,0,466.9924320870567,13.84718032689748
698,37,2023-09-04,0,449.22977747890747,12.785423155943814
699,34,2024-02-21,0,520.2018156107165,15.270565062956326
700,13,2023-11-18,1,501.7140418402679,12.894444767801978
701,17,2024-05-29,0,465.3227803937094,19.104586849974336
702,6,2024-04-15,0,467.1879758974012,16.97061783885201
703,34,2023-08-05,0,522.9072279931383,14.254319764130875
704,32,2023-08-27,0,496.98809782954555,12.027528394654693
705,9,2023-10-06,0,528.6288649419316,14.776677246117247
706,34,2024-06-23,0,512.7317353647261,11.080769289533693
707,1,2024-01-28,0,498.66874304892326,17.121402496811562
708,33,2024-02-06,0,500.6465996153651,16.58259589527728
709,32,2024-04-19,0,488.89852705506706,17.89728948919366
710,3,2023-08-29,0,501.95572218458017,13.886690982269704
711,43,2024-03-20,0,498.7803003598023,16.611128698814966
712,28,2024-07-06,1,516.7503334531781,17.76808189887032
713,17,2024-03-02,0,496.7316311784784,14.128670607516016
714,24,2024-05-20,0,516.4711098373748,13.532316335439745
715,3,2024-06-08,0,518.4126458154979,17.69622637827902
716,8,2023-11-16,0,503.6152521396476,15.290952852809754
717,38,2024-03-10,0,473.74063332001634,15.850595769818039
718,46,2023-10-11,0,496.7904658789543,14.823920356016068
719,21,2024-02-16,0,461.8785070802766,12.503053052223988
720,1,2023-10-22,0,475.86756757295063,17.2091944435794
721,8,2024-04-20,0,514.6083666632061,10.9412281541301
722,26,2024-05-29,0,509.8978557885507,16.99595183697762
723,25,2024-04-13,0,499.9358224313002,14.441523063036808
724,2,2023-12-16,0,493.95133686005147,14.624735096935202
725,36,2023-08-14,0,485.21198107559434,13.934918410878248
726,31,2024-07-05,0,489.74375834116313,16.053700885432843
727,35,2024-06-03,0,519.3050303454801,15.817490037806888
728,29,2024-07-03,0,509.5335851471967,18.222996982350082
729,35,2024-01-05,0,472.57567012918656,14.631855521171541
730,22,2024-03-08,0,503.9770568512911,14.635877778077834
731,24,2023-08-24,0,502.7992565937642,14.292409638416423
732,18,2024-07-04,0,532.9734694675617,15.207862211571078
733,6,2023-11-18,0,464.84896501031807,14.102038941203352
734,4,2024-06-06,0,484.3374092180684,17.31053276943062
735,26,2024-07-06,0,519.4725167243289,17.740800284460224
736,22,2024-05-20,0,477.7813555117552,11.15522777434701
737,7,2024-01-13,0,547.7124326468488,12.422278562612217
738,20,2023-11-09,0,476.42111555756765,12.962432933041283
739,23,2023-10-31,0,500.58244290438245,16.32323266165385
740,24,2024-04-07,1,511.1909511591,13.215922938169467
741,22,2023-08-04,0,517.620742850565,16.103778783852597
742,13,2024-04-14,0,514.3041696951009,17.742659936501816
743,23,2023-11-22,0,490.7584492742885,16.541770878608233
744,11,2023-10-03,0,518.2641401128566,12.91036349232146
745,15,2023-07-31,0,484.90695024404613,12.600191073452324
746,45,2024-02-14,0,489.3004571467433,9.663877302867862
747,42,2023-10-26,0,509.13284922349504,15.980024150080853
748,6,2023-10-04,0,530.1915391584532,12.489922049406214
749,40,2024-01-14,0,495.43657525179424,15.084788729616227
750,11,2023-09-15,0,482.1931693528965,15.461576373328654
751,27,2024-02-14,0,524.1954381462646,12.380451185879416
752,27,2023-12-21,0,474.7039993500144,16.886785472310315
753,20,2023-12-09,0,536.7636297807336,12.928066668246155
754,47,2024-04-05,0,480.3183462308355,13.81168807804198
755,17,2023-11-09,0,512.8189689364259,12.635448583150177
756,2,2023-11-13,0,518.5338245104908,15.098079291580012
757,20,2023-11-10,0,515.7006810892565,13.670712655380257
758,15,2024-04-21,0,504.5400527527994,19.540117584909602
759,10,2024-02-17,0,500.99059103735976,13.712811880016227
760,45,2023-07-29,0,466.93638997211355,15.372747643900984
761,36,2024-01-25,0,484.3836072457534,14.43937048275865
762,36,2024-04-12,0,514.4928937471116,16.77331720385993
763,9,2024-03-30,0,513.2673833323481,15.007818041436806
764,27,2023-10-30,0,479.24237388778056,12.076457353279379
765,41,2023-11-01,0,506.93958039790164,15.397751865058455
766,46,2023-10-22,0,505.04061977180254,15.879949837699087
767,14,2024-02-24,0,535.0183768490654,12.441729388269497
768,26,2024-02-05,0,491.63197680527423,12.914412508303533
769,45,2023-11-29,0,489.6028546372737,13.68878578544079
770,15,2023-08-19,0,481.531140633477,15.514308417001368
771,49,2024-05-17,0,480.0144305836119,14.28638145490391
772,14,2024-02-01,0,507.4989672312218,10.495506283083937
773,7,2024-04-23,0,485.91317721842046,13.479448990384643
774,44,2023-10-18,0,521.4940771594034,17.27031186402578
775,9,2024-02-05,0,487.4540187737088,16.265362220533046
776,39,2023-10-01,0,530.6799135040683,16.30772637195892
777,15,2024-04-13,1,508.3545091584622,14.887863003966089
778,47,2023-10-20,0,505.167672527997,19.34599183955791
779,29,2024-06-08,0,476.99142874333074,14.86253844612182
780,30,2024-01-29,0,506.58228372398,14.53736139970996
781,32,2024-02-08,0,500.9104395304685,14.055307637812426
782,31,2024-06-26,0,512.6416520675252,14.202624298856753
783,9,2023-08-14,0,489.78305403483205,16.564561219195568
784,44,2023-10-11,0,470.9274024738737,10.831999881508512
785,3,2023-08-23,0,505.5044319776981,12.629563705307838
786,16,2024-05-01,0,502.79574493398445,17.801555290960362
787,29,2023-11-11,0,504.8778472106549,13.448472928939017
788,35,2023-09-10,0,520.1130032495337,12.74483677170271
789,38,2024-02-19,0,481.2071873440874,14.66550317554624
790,43,2023-09-14,0,452.36499724609877,13.503402877844007
791,39,2024-01-07,0,509.50054004693874,15.58574145851791
792,38,2024-06-18,0,508.11825040406205,12.60733633025742
793,25,2024-01-26,0,490.45887388360995,17.998202361382656
794,6,2023-09-01,0,503.4119640312777,12.37813958643066
795,15,2024-05-31,0,479.04438380549533,14.832106829910142
796,35,2024-06-05,0,457.87605576006945,15.111641632244975
797,12,2023-12-08,0,466.14177103228775,15.492783952727926
798,17,2023-07-28,0,500.8472227975405,14.87878687582785
799,32,2024-05-19,0,527.6542082958744,14.988441301220641
800,13,2024-01-21,0,492.20963223389816,14.859995268500073
801,1,2023-11-25,0,516.2787582033465,17.611367035939224
802,35,2024-01-20,0,488.1133605705086,14.749202488776387
803,1,2023-10-12,0,498.8912195424193,16.927106409936115
804,17,2024-02-05,0,515.9312144771714,13.535470343738139
805,5,2024-03-09,0,502.6635977021857,14.995162417447768
806,37,2024-06-19,0,489.16643302599465,14.739659227812467
807,4,2024-04-02,0,482.6939527295166,17.000942039324823
808,6,2023-12-09,0,498.1494375015253,13.826796225362756
809,31,2023-08-10,0,523.6420418553269,13.616554926952322
810,43,2024-01-07,0,468.5869081263506,14.68783917128826
811,21,2024-03-19,0,517.1866152305332,14.957593226130854
812,49,2024-01-23,0,505.67293985595575,10.795298849038911
813,46,2023-12-08,0,480.6177546619854,13.283038422151463
814,16,2024-05-25,0,499.63252541757953,17.220344065702534
815,38,2023-11-14,0,495.91929106536935,14.49085245150593
816,42,2024-03-03,0,481.04519270229093,14.516748536051145
817,29,2024-06-19,0,489.2112978029263,16.140490829690506
818,28,2024-02-03,0,474.8742539842623,16.081070584028254
819,46,2024-04-21,0,458.5695282517875,18.478550863757306
820,34,2024-04-26,0,503.02472875319864,16.26248760547296
821,12,2024-03-24,0,520.8897890010161,14.119430802796911
822,28,2023-12-09,0,532.6669812261594,15.110073183351279
823,35,2023-10-11,0,477.7724290428822,16.548208657727848
824,25,2024-03-27,0,542.9473033026067,16.923337788537626
825,14,2024-03-30,0,530.5261346635076,13.194752284227715
826,8,2023-11-02,0,528.469500681079,16.339566505975633
827,25,2023-11-07,0,484.28667214866095,18.534263164730326
828,2,2024-07-15,0,488.75496749837095,14.653158275150874
829,36,2024-07-10,1,461.2328516420111,15.022620524724339
830,19,2023-11-06,0,503.8231847345316,13.149074974710553
831,47,2023-12-09,0,492.1279415215554,12.876251967998918
832,41,2023-11-09,0,503.2358137610328,15.023068952166339
833,2,2023-09-04,0,483.3096392938395,16.57618473471352
834,43,2024-02-26,0,513.4574093628452,14.402514253362446
835,28,2024-02-24,0,506.8637621923154,17.21130235281652
836,16,2023-12-16,0,477.11753840624556,16.815605221252596
837,16,2024-03-24,0,499.08224108977424,14.267705969495854
838,42,2023-09-18,0,505.69369001971717,16.460187641790732
839,14,2023-07-17,0,540.1688311242315,14.741318261096168
840,7,2023-11-28,0,501.9156169419801,15.185899872086315
841,33,2024-03-30,0,481.1918200569126,17.14771706252627
842,29,2023-11-28,0,493.6747389645554,19.87736799307195
843,7,2024-01-08,0,499.37553068255164,12.207569267197819
844,15,2023-11-06,0,497.3280942272621,14.339337561254412
845,32,2024-02-07,0,463.170562139615,17.320520142132942
846,7,2023-08-10,0,493.3684620957096,14.511517806266088
847,34,2023-10-13,0,486.13382210750376,14.141275273831615
848,47,2023-11-23,0,494.7897407753667,18.33537835849608
849,27,2023-08-27,0,542.4192481069788,14.87832705512533
850,33,2023-08-25,0,483.35418785237573,16.574596139928968
851,47,2024-03-05,0,528.7588200820028,14.381328198762983
852,32,2023-09-06,0,523.2123628868699,11.882724741840526
853,8,2023-08-21,0,513.6699563795114,13.977797301992323
854,40,2023-08-21,0,500.0622083674258,16.367532072734452
855,2,2024-04-21,0,513.0878684178177,15.3859645418674
856,6,2023-08-22,0,491.00160443576505,13.404277801800328
857,38,2024-06-03,0,489.07081737175326,19.127743204411463
858,28,2024-06-16,0,485.0427665571628,15.235790768996653
859,39,2024-04-26,1,505.4780318189431,13.009279968989734
860,46,2024-04-20,0,495.8045883604822,17.59902482347262
861,24,2024-05-11,0,495.20829868002767,16.83320574419254
862,13,2024-01-31,0,528.4045762542951,13.880131413259283
863,10,2024-06-13,0,485.90502976435084,16.308348856909546
864,30,2024-02-11,1,514.7072979064621,16.581094267205618
865,30,2024-04-08,0,489.5614476571572,15.92468262935588
866,14,2024-07-16,0,468.15609948473013,15.259708779345583
867,24,2023-11-16,0,471.4809910431923,11.463844039035333
868,25,2024-04-07,0,490.1689525470027,14.353238786751588
869,10,2023-09-30,0,512.5922297941088,14.89417093470709
870,5,2023-12-04,0,512.8357278865932,13.83327432864212
871,38,2023-08-20,0,495.1862569465179,14.287508099029306
872,12,2024-01-10,0,512.3684341771025,16.40301425787984
873,23,2023-12-01,0,501.52526220151515,14.002594240854775
874,25,2023-12-28,0,494.77019361523895,11.6076560058594
875,38,2023-08-02,0,517.0946253294476,13.748343037144076
876,41,2023-08-28,1,523.7578780071963,13.928832580190655
877,41,2024-03-19,0,520.3205478519741,14.676217314147117
878,35,2024-07-02,0,493.8625407802271,12.546479406427427
879,47,2024-05-05,0,511.3541525571629,14.378723773383507
880,34,2024-01-21,0,457.41508656937117,13.246279184280509
881,14,2023-10-12,0,503.90133845466465,16.559094357458683
882,34,2023-09-24,0,507.2200473147051,14.612922335484118
883,8,2024-05-16,0,503.0395039791158,16.095137089746657
884,13,2023-07-18,0,495.55454540089875,15.553623850889778
885,10,2024-06-27,0,526.0954637250452,12.430858676563219
886,47,2024-01-27,0,498.13524598517967,14.915280938243228
887,30,2024-05-02,0,497.2092412902772,18.33976869192923
888,13,2024-05-01,0,495.1812650696838,11.778299161259351
889,49,2024-05-21,0,520.6821075863414,16.895693508750213
890,36,2023-12-12,0,494.1508075242065,15.197292726575885
891,35,2024-03-02,0,483.31301264026865,11.978671650310593
892,2,2024-03-16,0,497.8248291678616,16.1468323807995
893,18,2024-04-08,1,534.1542751575083,17.006908796023154
894,44,2023-12-31,0,493.9862777026096,14.878018337183185
895,49,2024-07-14,0,512.315432684707,15.614330269313857
896,10,2024-04-03,0,494.4377852236806,18.644785022590405
897,17,2024-01-19,0,494.46506370586854,13.789164503967688
898,4,2024-04-28,0,488.78317232461404,18.656030683040033
899,42,2023-07-26,0,475.6739188130916,18.28357661727208
900,23,2023-10-21,0,497.8043674317977,12.349413440137571
901,48,2023-10-31,0,514.3691150514095,15.24708197884282
902,21,2023-08-25,0,531.5238592713732,15.13386465690586
903,25,2024-04-21,0,508.8373899250711,17.58682085029706
904,34,2024-05-20,0,483.662778433758,17.338157933128542
905,21,2023-08-23,0,514.9100919982073,18.020318839511933
906,22,2024-01-17,0,509.08058347716764,11.761353324532939
907,37,2024-04-06,0,527.9672638187961,17.754311427375626
908,45,2023-10-23,0,541.7922091199384,16.135833003333815
909,13,2024-03-04,0,524.2921551042806,11.322654148714253
910,27,2024-04-22,0,492.1448360247758,17.626165180086886
911,3,2023-12-31,0,496.81540912598996,12.785815648256529
912,23,2023-10-25,0,523.1588105881327,16.545917723198166
913,47,2024-01-05,0,489.84613728126845,13.827836230024667
914,20,2023-12-04,0,497.19033071131315,14.588320738671003
915,19,2023-11-01,0,512.6868048145055,15.887207993038297
916,35,2024-02-26,0,521.4121210917556,14.58060321603621
917,32,2024-04-22,0,504.4582153844378,12.095654515508432
918,4,2024-03-12,0,442.1496035600173,15.611605699891168
919,1,2024-02-27,0,506.7873192936238,12.69496004067598
920,28,2023-12-29,1,493.7590160933578,16.088711119800674
921,49,2024-05-28,0,480.4815800574359,12.4954603648218
922,47,2024-02-27,0,500.48260332241705,15.278667084722585
923,23,2023-08-06,0,522.409282997181,15.728415799040393
924,4,2024-04-16,0,477.40245541212346,19.027434692736467
925,33,2024-05-10,0,531.7984598279455,11.124805181161445
926,12,2023-11-26,0,519.5746020144501,15.632320400792954
927,49,2024-03-13,0,518.6832725023272,12.4793275605499
928,25,2023-07-24,0,483.7058281157938,15.957225821120675
929,29,2024-05-14,0,494.9751510564296,14.775504470529542
930,41,2023-07-19,0,492.34330256618244,16.53836180814408
931,10,2023-09-12,0,500.00681915867364,17.832371372651732
932,3,2023-07-22,0,498.7559039868019,14.325072003746245
933,15,2024-01-26,0,493.65302238361943,14.973259718978818
934,11,2024-01-06,0,496.4414530775741,16.8082845686571
935,5,2024-05-17,0,495.76759366077647,13.941717714833953
936,10,2024-05-17,0,505.34967726117134,15.806328600157517
937,46,2023-11-02,0,466.963659292098,16.677717881563236
938,27,2024-02-21,0,509.7315669765498,12.847624301164075
939,44,2023-12-21,0,533.9454339676589,11.950054911571199
940,9,2024-05-22,0,521.4500169456751,15.35142582690247
941,38,2024-02-02,0,481.0820554708535,16.753452518468983
942,41,2024-03-28,0,520.8921604742071,11.990066267417207
943,35,2023-07-25,0,545.7925570519808,15.982187618641406
944,45,2023-09-20,0,495.14887480995475,14.269214586868424
945,39,2024-05-18,0,514.420638425858,14.656792913824676
946,28,2024-03-15,0,545.9876079995919,17.063318111642616
947,49,2024-04-10,0,520.6059125518739,15.281009067064186
948,20,2023-10-18,0,531.0144120240499,13.289830474228243
949,36,2023-08-02,0,478.09548888982533,14.975490049343318
950,37,2024-04-19,0,504.71241715935133,14.532755535947631
951,11,2024-04-26,1,507.839382052769,14.437700642615148
952,19,2024-04-24,0,511.28574258585803,17.358670547832382
953,5,2024-02-01,0,515.7901509281152,13.69062423896196
954,25,2024-05-28,0,503.12350114519995,13.413775234222395
955,16,2024-03-21,0,473.7521172797836,15.500907093799814
956,31,2024-04-09,0,521.325448292545,16.277825172035676
957,14,2024-02-28,1,507.5772065730289,14.73232511631709
958,17,2023-11-20,0,476.4276674080028,12.536896740478666
959,41,2023-11-14,0,515.1799164165499,15.217492858003245
960,46,2024-06-09,0,511.05960024931215,19.848509732241858
961,12,2023-09-07,0,510.7406909534931,16.132626588639866
962,35,2023-08-20,0,494.2632958361088,11.675560112416832
963,18,2023-08-05,0,532.688112898398,13.096708997332172
964,7,2024-04-15,0,511.42453262017114,15.18700138458639
965,25,2024-01-27,0,484.2009187971562,16.083654085452984
966,30,2023-07-22,1,469.1448411912464,13.608652886577513
967,30,2024-05-09,0,484.65335634417767,19.328345858749426
968,3,2023-07-20,0,452.6075341339557,16.075705066073745
969,12,2023-11-25,0,494.7888031190575,15.6652877322877
970,47,2023-09-24,0,502.5791410118399,17.5138936925552
971,41,2023-09-07,0,475.8466713055535,15.491237862319952
972,18,2024-01-27,0,489.0911281832906,11.069077995646818
973,40,2024-07-02,0,531.0656530028953,14.21155457201051
974,10,2023-08-14,0,502.14582671319323,13.721426643494894
975,44,2023-12-29,0,530.706870880696,14.325387125207996
976,27,2024-04-13,0,496.3009716587793,15.228057257951109
977,21,2024-04-18,0,496.4643457334701,16.38501410738661
978,5,2024-04-02,0,456.0149190934456,13.452473307142323
979,43,2024-06-20,0,514.5857749440572,13.469548481573284
980,3,2024-03-13,0,522.0111648009738,14.844720516693602
981,40,2024-03-18,0,493.1526391229354,16.15134062448851
982,20,2023-12-07,0,493.7939154933985,16.102067983032946
983,8,2024-01-29,0,516.2607275598792,16.200586772156328
984,32,2023-12-25,0,485.2740582020925,17.2191165265565
985,33,2024-03-07,0,484.3535136198385,14.278029489008674
986,5,2024-01-25,0,506.34196332326485,17.24025726051468
987,28,2024-03-09,0,487.8749730403037,15.66908849308379
988,25,2024-06-19,0,512.221157681593,15.315792576001842
989,43,2024-07-07,0,481.5938096950112,18.602888937489006
990,9,2024-05-01,0,530.1901783826212,14.362510293118039
991,45,2023-09-17,0,513.1292736851037,13.467468731623587
992,27,2024-05-21,0,501.31702358200295,17.930301773536353
993,39,2024-01-06,0,482.527387349081,14.910281531927355
994,28,2024-01-06,0,478.8449220025503,17.210597238333953
995,35,2023-10-11,0,482.0552593863484,15.796955064010183
996,44,2023-08-14,0,471.3559340172605,11.49516215072685
997,13,2023-11-28,0,526.8086063595526,15.562045923715102
998,48,2024-04-15,0,506.8414967815354,16.24921842352131
999,9,2023-08-28,1,521.4125666086633,14.854907454819106
1000,41,2023-12-11,0,534.7813007077252,16.24670209466814
